source_pharmacy_id,destination_pharmacy_id,distance_km,estimated_transfer_days,transfer_cost
PHARM-001,PHARM-002,5.06,1,72.77
PHARM-001,PHARM-003,5.18,1,73.31
PHARM-001,PHARM-004,3.37,1,65.17
PHARM-001,PHARM-005,6.0,1,77.0
PHARM-001,PHARM-006,9.84,1,94.28
PHARM-001,PHARM-007,16.84,2,125.78
PHARM-001,PHARM-008,6.15,1,77.67
PHARM-001,PHARM-009,15.75,2,120.88
PHARM-001,PHARM-010,14.36,1,114.62
PHARM-001,PHARM-011,21.09,2,144.91
PHARM-001,PHARM-012,4.8,1,71.6
PHARM-001,PHARM-013,5.31,1,73.89
PHARM-001,PHARM-014,7.14,1,82.13
PHARM-001,PHARM-015,8.55,1,88.47
PHARM-001,PHARM-016,6.34,1,78.53
PHARM-001,PHARM-017,5.39,1,74.25
PHARM-001,PHARM-018,10.29,1,96.3
PHARM-002,PHARM-001,5.06,1,72.77
PHARM-002,PHARM-003,5.12,1,73.04
PHARM-002,PHARM-004,7.68,1,84.56
PHARM-002,PHARM-005,5.81,1,76.14
PHARM-002,PHARM-006,10.48,1,97.16
PHARM-002,PHARM-007,11.87,1,103.41
PHARM-002,PHARM-008,9.99,1,94.95
PHARM-002,PHARM-009,14.96,1,117.32
PHARM-002,PHARM-010,14.43,1,114.94
PHARM-002,PHARM-011,19.72,2,138.74
PHARM-002,PHARM-012,8.73,1,89.28
PHARM-002,PHARM-013,8.57,1,88.56
PHARM-002,PHARM-014,7.95,1,85.78
PHARM-002,PHARM-015,7.38,1,83.21
PHARM-002,PHARM-016,7.63,1,84.34
PHARM-002,PHARM-017,9.76,1,93.92
PHARM-002,PHARM-018,14.25,1,114.12
PHARM-003,PHARM-001,5.18,1,73.31
PHARM-003,PHARM-002,5.12,1,73.04
PHARM-003,PHARM-004,8.52,1,88.34
PHARM-003,PHARM-005,0.86,1,53.87
PHARM-003,PHARM-006,14.31,1,114.39
PHARM-003,PHARM-007,14.13,1,113.59
PHARM-003,PHARM-008,11.32,1,100.94
PHARM-003,PHARM-009,10.73,1,98.28
PHARM-003,PHARM-010,18.65,2,133.93
PHARM-003,PHARM-011,15.96,2,121.82
PHARM-003,PHARM-012,9.98,1,94.91
PHARM-003,PHARM-013,4.55,1,70.47
PHARM-003,PHARM-014,11.58,1,102.11
PHARM-003,PHARM-015,3.37,1,65.17
PHARM-003,PHARM-016,2.59,1,61.66
PHARM-003,PHARM-017,10.45,1,97.03
PHARM-003,PHARM-018,15.38,2,119.21
PHARM-004,PHARM-001,3.37,1,65.17
PHARM-004,PHARM-002,7.68,1,84.56
PHARM-004,PHARM-003,8.52,1,88.34
PHARM-004,PHARM-005,9.31,1,91.9
PHARM-004,PHARM-006,7.97,1,85.87
PHARM-004,PHARM-007,19.52,2,137.84
PHARM-004,PHARM-008,2.81,1,62.64
PHARM-004,PHARM-009,18.91,2,135.09
PHARM-004,PHARM-010,12.44,1,105.98
PHARM-004,PHARM-011,24.31,2,159.39
PHARM-004,PHARM-012,1.49,1,56.7
PHARM-004,PHARM-013,7.52,1,83.84
PHARM-004,PHARM-014,5.66,1,75.47
PHARM-004,PHARM-015,11.88,1,103.46
PHARM-004,PHARM-016,9.33,1,91.98
PHARM-004,PHARM-017,2.11,1,59.49
PHARM-004,PHARM-018,6.93,1,81.19
PHARM-005,PHARM-001,6.0,1,77.0
PHARM-005,PHARM-002,5.81,1,76.14
PHARM-005,PHARM-003,0.86,1,53.87
PHARM-005,PHARM-004,9.31,1,91.9
PHARM-005,PHARM-006,15.17,2,118.27
PHARM-005,PHARM-007,14.11,1,113.5
PHARM-005,PHARM-008,12.12,1,104.54
PHARM-005,PHARM-009,9.87,1,94.41
PHARM-005,PHARM-010,19.5,2,137.75
PHARM-005,PHARM-011,15.12,2,118.04
PHARM-005,PHARM-012,10.78,1,98.51
PHARM-005,PHARM-013,4.7,1,71.15
PHARM-005,PHARM-014,12.43,1,105.94
PHARM-005,PHARM-015,2.59,1,61.66
PHARM-005,PHARM-016,2.23,1,60.03
PHARM-005,PHARM-017,11.21,1,100.45
PHARM-005,PHARM-018,16.14,2,122.63
PHARM-006,PHARM-001,9.84,1,94.28
PHARM-006,PHARM-002,10.48,1,97.16
PHARM-006,PHARM-003,14.31,1,114.39
PHARM-006,PHARM-004,7.97,1,85.87
PHARM-006,PHARM-005,15.17,2,118.27
PHARM-006,PHARM-007,19.8,2,139.1
PHARM-006,PHARM-008,6.79,1,80.56
PHARM-006,PHARM-009,25.0,2,162.5
PHARM-006,PHARM-010,4.53,1,70.39
PHARM-006,PHARM-011,30.04,3,185.18
PHARM-006,PHARM-012,7.04,1,81.68
PHARM-006,PHARM-013,15.05,2,117.73
PHARM-006,PHARM-014,2.75,1,62.38
PHARM-006,PHARM-015,17.4,2,128.3
PHARM-006,PHARM-016,16.07,2,122.31
PHARM-006,PHARM-017,8.1,1,86.45
PHARM-006,PHARM-018,8.63,1,88.84
PHARM-007,PHARM-001,16.84,2,125.78
PHARM-007,PHARM-002,11.87,1,103.41
PHARM-007,PHARM-003,14.13,1,113.59
PHARM-007,PHARM-004,19.52,2,137.84
PHARM-007,PHARM-005,14.11,1,113.5
PHARM-007,PHARM-006,19.8,2,139.1
PHARM-007,PHARM-008,21.62,2,147.29
PHARM-007,PHARM-009,16.93,2,126.19
PHARM-007,PHARM-010,22.12,2,149.54
PHARM-007,PHARM-011,18.86,2,134.87
PHARM-007,PHARM-012,20.46,2,142.07
PHARM-007,PHARM-013,18.69,2,134.11
PHARM-007,PHARM-014,18.13,2,131.58
PHARM-007,PHARM-015,13.1,1,108.95
PHARM-007,PHARM-016,16.27,2,123.22
PHARM-007,PHARM-017,21.58,2,147.11
PHARM-007,PHARM-018,25.79,2,166.06
PHARM-008,PHARM-001,6.15,1,77.67
PHARM-008,PHARM-002,9.99,1,94.95
PHARM-008,PHARM-003,11.32,1,100.94
PHARM-008,PHARM-004,2.81,1,62.64
PHARM-008,PHARM-005,12.12,1,104.54
PHARM-008,PHARM-006,6.79,1,80.56
PHARM-008,PHARM-007,21.62,2,147.29
PHARM-008,PHARM-009,21.7,2,147.65
PHARM-008,PHARM-010,10.91,1,99.09
PHARM-008,PHARM-011,27.11,2,172.0
PHARM-008,PHARM-012,1.35,1,56.08
PHARM-008,PHARM-013,10.08,1,95.36
PHARM-008,PHARM-014,5.31,1,73.89
PHARM-008,PHARM-015,14.69,1,116.11
PHARM-008,PHARM-016,12.1,1,104.45
PHARM-008,PHARM-017,1.46,1,56.57
PHARM-008,PHARM-018,4.28,1,69.26
PHARM-009,PHARM-001,15.75,2,120.88
PHARM-009,PHARM-002,14.96,1,117.32
PHARM-009,PHARM-003,10.73,1,98.28
PHARM-009,PHARM-004,18.91,2,135.09
PHARM-009,PHARM-005,9.87,1,94.41
PHARM-009,PHARM-006,25.0,2,162.5
PHARM-009,PHARM-007,16.93,2,126.19
PHARM-009,PHARM-008,21.7,2,147.65
PHARM-009,PHARM-010,29.24,2,181.58
PHARM-009,PHARM-011,5.49,1,74.7
PHARM-009,PHARM-012,20.4,2,141.8
PHARM-009,PHARM-013,12.14,1,104.63
PHARM-009,PHARM-014,22.27,2,150.22
PHARM-009,PHARM-015,7.63,1,84.34
PHARM-009,PHARM-016,9.62,1,93.29
PHARM-009,PHARM-017,20.6,2,142.7
PHARM-009,PHARM-018,25.44,2,164.48
PHARM-010,PHARM-001,14.36,1,114.62
PHARM-010,PHARM-002,14.43,1,114.94
PHARM-010,PHARM-003,18.65,2,133.93
PHARM-010,PHARM-004,12.44,1,105.98
PHARM-010,PHARM-005,19.5,2,137.75
PHARM-010,PHARM-006,4.53,1,70.39
PHARM-010,PHARM-007,22.12,2,149.54
PHARM-010,PHARM-008,10.91,1,99.09
PHARM-010,PHARM-009,29.24,2,181.58
PHARM-010,PHARM-011,34.14,3,203.63
PHARM-010,PHARM-012,11.39,1,101.25
PHARM-010,PHARM-013,19.58,2,138.11
PHARM-010,PHARM-014,7.22,1,82.49
PHARM-010,PHARM-015,21.61,2,147.25
PHARM-010,PHARM-016,20.53,2,142.38
PHARM-010,PHARM-017,12.32,1,105.44
PHARM-010,PHARM-018,11.55,1,101.97
PHARM-011,PHARM-001,21.09,2,144.91
PHARM-011,PHARM-002,19.72,2,138.74
PHARM-011,PHARM-003,15.96,2,121.82
PHARM-011,PHARM-004,24.31,2,159.39
PHARM-011,PHARM-005,15.12,2,118.04
PHARM-011,PHARM-006,30.04,3,185.18
PHARM-011,PHARM-007,18.86,2,134.87
PHARM-011,PHARM-008,27.11,2,172.0
PHARM-011,PHARM-009,5.49,1,74.7
PHARM-011,PHARM-010,34.14,3,203.63
PHARM-011,PHARM-012,25.8,2,166.1
PHARM-011,PHARM-013,17.63,2,129.33
PHARM-011,PHARM-014,27.35,2,173.07
PHARM-011,PHARM-015,12.69,1,107.1
PHARM-011,PHARM-016,15.08,2,117.86
PHARM-011,PHARM-017,26.05,2,167.23
PHARM-011,PHARM-018,30.91,3,189.09
PHARM-012,PHARM-001,4.8,1,71.6
PHARM-012,PHARM-002,8.73,1,89.28
PHARM-012,PHARM-003,9.98,1,94.91
PHARM-012,PHARM-004,1.49,1,56.7
PHARM-012,PHARM-005,10.78,1,98.51
PHARM-012,PHARM-006,7.04,1,81.68
PHARM-012,PHARM-007,20.46,2,142.07
PHARM-012,PHARM-008,1.35,1,56.08
PHARM-012,PHARM-009,20.4,2,141.8
PHARM-012,PHARM-010,11.39,1,101.25
PHARM-012,PHARM-011,25.8,2,166.1
PHARM-012,PHARM-013,8.94,1,90.23
PHARM-012,PHARM-014,5.08,1,72.86
PHARM-012,PHARM-015,13.35,1,110.07
PHARM-012,PHARM-016,10.82,1,98.69
PHARM-012,PHARM-017,1.34,1,56.03
PHARM-012,PHARM-018,5.6,1,75.2
PHARM-013,PHARM-001,5.31,1,73.89
PHARM-013,PHARM-002,8.57,1,88.56
PHARM-013,PHARM-003,4.55,1,70.47
PHARM-013,PHARM-004,7.52,1,83.84
PHARM-013,PHARM-005,4.7,1,71.15
PHARM-013,PHARM-006,15.05,2,117.73
PHARM-013,PHARM-007,18.69,2,134.11
PHARM-013,PHARM-008,10.08,1,95.36
PHARM-013,PHARM-009,12.14,1,104.63
PHARM-013,PHARM-010,19.58,2,138.11
PHARM-013,PHARM-011,17.63,2,129.33
PHARM-013,PHARM-012,8.94,1,90.23
PHARM-013,PHARM-014,12.4,1,105.8
PHARM-013,PHARM-015,6.74,1,80.33
PHARM-013,PHARM-016,3.0,1,63.5
PHARM-013,PHARM-017,8.8,1,89.6
PHARM-013,PHARM-018,13.44,1,110.48
PHARM-014,PHARM-001,7.14,1,82.13
PHARM-014,PHARM-002,7.95,1,85.78
PHARM-014,PHARM-003,11.58,1,102.11
PHARM-014,PHARM-004,5.66,1,75.47
PHARM-014,PHARM-005,12.43,1,105.94
PHARM-014,PHARM-006,2.75,1,62.38
PHARM-014,PHARM-007,18.13,2,131.58
PHARM-014,PHARM-008,5.31,1,73.89
PHARM-014,PHARM-009,22.27,2,150.22
PHARM-014,PHARM-010,7.22,1,82.49
PHARM-014,PHARM-011,27.35,2,173.07
PHARM-014,PHARM-012,5.08,1,72.86
PHARM-014,PHARM-013,12.4,1,105.8
PHARM-014,PHARM-015,14.69,1,116.11
PHARM-014,PHARM-016,13.33,1,109.98
PHARM-014,PHARM-017,6.34,1,78.53
PHARM-014,PHARM-018,8.41,1,87.84
PHARM-015,PHARM-001,8.55,1,88.47
PHARM-015,PHARM-002,7.38,1,83.21
PHARM-015,PHARM-003,3.37,1,65.17
PHARM-015,PHARM-004,11.88,1,103.46
PHARM-015,PHARM-005,2.59,1,61.66
PHARM-015,PHARM-006,17.4,2,128.3
PHARM-015,PHARM-007,13.1,1,108.95
PHARM-015,PHARM-008,14.69,1,116.11
PHARM-015,PHARM-009,7.63,1,84.34
PHARM-015,PHARM-010,21.61,2,147.25
PHARM-015,PHARM-011,12.69,1,107.1
PHARM-015,PHARM-012,13.35,1,110.07
PHARM-015,PHARM-013,6.74,1,80.33
PHARM-015,PHARM-014,14.69,1,116.11
PHARM-015,PHARM-016,3.77,1,66.97
PHARM-015,PHARM-017,13.79,1,112.05
PHARM-015,PHARM-018,18.73,2,134.28
PHARM-016,PHARM-001,6.34,1,78.53
PHARM-016,PHARM-002,7.63,1,84.34
PHARM-016,PHARM-003,2.59,1,61.66
PHARM-016,PHARM-004,9.33,1,91.98
PHARM-016,PHARM-005,2.23,1,60.03
PHARM-016,PHARM-006,16.07,2,122.31
PHARM-016,PHARM-007,16.27,2,123.22
PHARM-016,PHARM-008,12.1,1,104.45
PHARM-016,PHARM-009,9.62,1,93.29
PHARM-016,PHARM-010,20.53,2,142.38
PHARM-016,PHARM-011,15.08,2,117.86
PHARM-016,PHARM-012,10.82,1,98.69
PHARM-016,PHARM-013,3.0,1,63.5
PHARM-016,PHARM-014,13.33,1,109.98
PHARM-016,PHARM-015,3.77,1,66.97
PHARM-016,PHARM-017,10.98,1,99.41
PHARM-016,PHARM-018,15.84,2,121.28
PHARM-017,PHARM-001,5.39,1,74.25
PHARM-017,PHARM-002,9.76,1,93.92
PHARM-017,PHARM-003,10.45,1,97.03
PHARM-017,PHARM-004,2.11,1,59.49
PHARM-017,PHARM-005,11.21,1,100.45
PHARM-017,PHARM-006,8.1,1,86.45
PHARM-017,PHARM-007,21.58,2,147.11
PHARM-017,PHARM-008,1.46,1,56.57
PHARM-017,PHARM-009,20.6,2,142.7
PHARM-017,PHARM-010,12.32,1,105.44
PHARM-017,PHARM-011,26.05,2,167.23
PHARM-017,PHARM-012,1.34,1,56.03
PHARM-017,PHARM-013,8.8,1,89.6
PHARM-017,PHARM-014,6.34,1,78.53
PHARM-017,PHARM-015,13.79,1,112.05
PHARM-017,PHARM-016,10.98,1,99.41
PHARM-017,PHARM-018,4.94,1,72.23
PHARM-018,PHARM-001,10.29,1,96.3
PHARM-018,PHARM-002,14.25,1,114.12
PHARM-018,PHARM-003,15.38,2,119.21
PHARM-018,PHARM-004,6.93,1,81.19
PHARM-018,PHARM-005,16.14,2,122.63
PHARM-018,PHARM-006,8.63,1,88.84
PHARM-018,PHARM-007,25.79,2,166.06
PHARM-018,PHARM-008,4.28,1,69.26
PHARM-018,PHARM-009,25.44,2,164.48
PHARM-018,PHARM-010,11.55,1,101.97
PHARM-018,PHARM-011,30.91,3,189.09
PHARM-018,PHARM-012,5.6,1,75.2
PHARM-018,PHARM-013,13.44,1,110.48
PHARM-018,PHARM-014,8.41,1,87.84
PHARM-018,PHARM-015,18.73,2,134.28
PHARM-018,PHARM-016,15.84,2,121.28
PHARM-018,PHARM-017,4.94,1,72.23
