medicine_id,pharmacy_id,daily_demand,weekly_demand,monthly_demand,historical_demand,demand_trend
MED-001,PHARM-001,1.52,47.12,219.61,183.14,DECREASING
MED-002,PHARM-001,0.85,145.32,668.3,542.61,DECREASING
MED-003,PHARM-001,16.24,115.07,508.25,549.18,DECREASING
MED-004,PHARM-001,7.85,55.93,250.07,200.71,INCREASING
MED-005,PHARM-001,0.65,124.41,512.85,606.64,DECREASING
MED-006,PHARM-001,11.36,77.28,330.16,299.06,STABLE
MED-007,PHARM-001,19.05,134.32,625.58,595.19,INCREASING
MED-008,PHARM-001,21.25,152.28,683.62,704.77,STABLE
MED-009,PHARM-001,1.03,6.62,28.95,21.65,DECREASING
MED-010,PHARM-001,10.46,70.59,309.41,371.44,DECREASING
MED-011,PHARM-001,11.14,73.45,318.62,374.27,STABLE
MED-012,PHARM-001,16.4,107.25,514.55,445.27,DECREASING
MED-013,PHARM-001,3.6,28.42,114.1,94.9,INCREASING
MED-014,PHARM-001,21.54,159.1,611.18,496.79,INCREASING
MED-015,PHARM-001,11.83,75.63,384.22,394.54,INCREASING
MED-016,PHARM-001,2.95,20.65,98.71,107.17,DECREASING
MED-017,PHARM-001,8.83,58.68,268.15,242.7,DECREASING
MED-018,PHARM-001,0.64,156.05,644.19,772.39,DECREASING
MED-019,PHARM-001,1.39,26.07,124.29,138.81,DECREASING
MED-020,PHARM-001,11.46,81.76,341.6,307.63,STABLE
MED-021,PHARM-001,17.97,116.09,580.59,638.85,INCREASING
MED-022,PHARM-001,5.45,37.65,161.99,191.4,INCREASING
MED-023,PHARM-001,24.38,179.6,732.52,617.2,INCREASING
MED-024,PHARM-001,21.52,150.87,606.72,576.12,INCREASING
MED-025,PHARM-001,14.87,109.89,448.81,359.15,INCREASING
MED-026,PHARM-001,13.75,88.78,401.2,479.08,INCREASING
MED-027,PHARM-001,8.27,54.89,251.44,209.07,DECREASING
MED-028,PHARM-001,9.88,79.08,299.31,232.1,VOLATILE
MED-029,PHARM-001,11.39,71.72,344.54,366.58,DECREASING
MED-030,PHARM-001,23.44,172.46,729.9,792.07,DECREASING
MED-031,PHARM-001,24.89,179.45,737.46,742.64,STABLE
MED-032,PHARM-001,8.45,53.99,229.22,234.16,INCREASING
MED-033,PHARM-001,3.16,23.04,86.44,71.48,STABLE
MED-034,PHARM-001,21.91,140.21,622.86,664.96,INCREASING
MED-035,PHARM-001,14.86,108.67,479.89,494.52,INCREASING
MED-036,PHARM-001,9.52,72.79,259.07,196.42,VOLATILE
MED-037,PHARM-001,4.57,31.14,152.06,111.38,STABLE
MED-038,PHARM-001,1.2,8.98,39.25,30.05,DECREASING
MED-039,PHARM-001,7.18,49.74,212.03,193.25,INCREASING
MED-040,PHARM-001,22.24,142.46,708.3,809.15,STABLE
MED-041,PHARM-001,1.08,8.69,35.67,45.71,DECREASING
MED-042,PHARM-001,2.41,16.8,66.09,62.17,STABLE
MED-043,PHARM-001,2.39,14.23,69.34,87.08,VOLATILE
MED-044,PHARM-001,9.28,67.51,291.23,324.24,DECREASING
MED-045,PHARM-001,2.28,14.99,78.02,81.73,STABLE
MED-046,PHARM-001,9.1,55.24,279.89,280.37,DECREASING
MED-047,PHARM-001,1.15,8.07,38.14,28.27,STABLE
MED-048,PHARM-001,8.26,53.23,219.54,270.95,DECREASING
MED-049,PHARM-001,7.16,43.2,187.86,205.6,INCREASING
MED-050,PHARM-001,11.25,71.76,359.39,303.04,VOLATILE
MED-051,PHARM-001,5.88,42.36,174.89,204.9,STABLE
MED-052,PHARM-001,0.61,4.43,18.65,14.17,DECREASING
MED-053,PHARM-001,14.13,91.64,411.1,340.19,INCREASING
MED-054,PHARM-001,4.75,29.84,156.77,175.92,STABLE
MED-055,PHARM-001,8.18,58.2,277.19,211.26,DECREASING
MED-056,PHARM-001,8.82,66.55,277.43,239.19,INCREASING
MED-057,PHARM-001,16.31,119.14,460.29,485.01,INCREASING
MED-058,PHARM-001,14.12,93.92,458.18,375.85,DECREASING
MED-059,PHARM-001,21.25,135.19,616.28,525.27,INCREASING
MED-060,PHARM-001,0.61,45.32,204.58,209.56,DECREASING
MED-001,PHARM-002,23.6,83.66,324.17,389.25,INCREASING
MED-002,PHARM-002,32.98,26.7,127.79,151.93,INCREASING
MED-003,PHARM-002,7.62,50.67,210.44,234.02,DECREASING
MED-004,PHARM-002,24.42,179.47,794.98,711.26,INCREASING
MED-005,PHARM-002,30.65,182.01,790.42,640.17,INCREASING
MED-006,PHARM-002,12.06,87.29,378.81,340.65,INCREASING
MED-007,PHARM-002,20.32,131.09,654.97,748.92,INCREASING
MED-008,PHARM-002,7.39,56.06,215.03,242.6,INCREASING
MED-009,PHARM-002,3.06,22.45,89.0,77.18,STABLE
MED-010,PHARM-002,11.62,75.95,363.4,341.53,INCREASING
MED-011,PHARM-002,23.66,152.88,776.58,676.73,INCREASING
MED-012,PHARM-002,3.84,27.4,111.64,124.43,DECREASING
MED-013,PHARM-002,7.47,52.47,216.38,226.32,INCREASING
MED-014,PHARM-002,3.98,27.5,119.88,134.58,INCREASING
MED-015,PHARM-002,11.01,70.44,341.15,317.98,INCREASING
MED-016,PHARM-002,8.13,50.5,273.17,274.34,VOLATILE
MED-017,PHARM-002,10.18,74.07,308.72,270.67,DECREASING
MED-018,PHARM-002,21.08,135.39,549.41,505.67,INCREASING
MED-019,PHARM-002,23.84,56.39,233.48,216.88,INCREASING
MED-020,PHARM-002,7.7,53.61,249.53,279.08,INCREASING
MED-021,PHARM-002,17.49,117.14,541.89,567.74,STABLE
MED-022,PHARM-002,21.01,154.46,652.08,580.26,INCREASING
MED-023,PHARM-002,6.24,39.72,205.32,214.46,STABLE
MED-024,PHARM-002,13.02,98.18,396.51,431.14,DECREASING
MED-025,PHARM-002,13.88,92.19,429.4,344.47,STABLE
MED-026,PHARM-002,20.13,132.99,640.63,690.83,DECREASING
MED-027,PHARM-002,4.1,27.26,131.57,129.28,DECREASING
MED-028,PHARM-002,8.18,65.64,252.43,320.59,VOLATILE
MED-029,PHARM-002,7.55,56.33,226.82,271.81,VOLATILE
MED-030,PHARM-002,22.74,166.94,678.74,613.36,INCREASING
MED-031,PHARM-002,21.48,143.66,680.19,676.0,INCREASING
MED-032,PHARM-002,9.04,57.93,259.58,235.88,INCREASING
MED-033,PHARM-002,22.65,145.25,632.05,602.48,INCREASING
MED-034,PHARM-002,18.54,118.47,545.92,555.22,DECREASING
MED-035,PHARM-002,4.37,32.63,128.2,142.04,STABLE
MED-036,PHARM-002,10.35,78.22,299.36,210.61,INCREASING
MED-037,PHARM-002,3.93,26.6,131.75,158.29,DECREASING
MED-038,PHARM-002,6.11,39.86,182.51,170.34,VOLATILE
MED-039,PHARM-002,18.93,141.53,615.55,733.91,STABLE
MED-040,PHARM-002,22.95,163.6,710.95,592.63,DECREASING
MED-041,PHARM-002,2.06,14.25,53.46,49.58,DECREASING
MED-042,PHARM-002,5.73,38.15,191.48,166.0,VOLATILE
MED-043,PHARM-002,3.4,20.81,87.29,89.35,INCREASING
MED-044,PHARM-002,7.93,50.72,259.66,211.91,STABLE
MED-045,PHARM-002,11.42,72.73,293.3,232.13,DECREASING
MED-046,PHARM-002,5.95,36.83,202.48,198.23,INCREASING
MED-047,PHARM-002,9.32,58.74,288.6,331.53,STABLE
MED-048,PHARM-002,9.44,59.41,267.15,279.76,INCREASING
MED-049,PHARM-002,7.12,55.94,205.61,260.07,DECREASING
MED-050,PHARM-002,1.37,10.14,42.67,32.48,INCREASING
MED-051,PHARM-002,21.71,155.02,601.94,718.44,STABLE
MED-052,PHARM-002,4.49,30.75,129.47,129.93,INCREASING
MED-053,PHARM-002,3.28,22.59,98.21,95.6,INCREASING
MED-054,PHARM-002,7.81,60.06,248.87,239.24,INCREASING
MED-055,PHARM-002,7.58,59.74,246.14,240.95,INCREASING
MED-056,PHARM-002,10.09,67.03,329.01,299.92,DECREASING
MED-057,PHARM-002,8.36,58.11,256.33,243.92,STABLE
MED-058,PHARM-002,13.87,93.69,415.06,390.96,INCREASING
MED-059,PHARM-002,10.49,79.02,327.36,298.06,STABLE
MED-060,PHARM-002,28.81,94.37,408.8,393.5,INCREASING
MED-001,PHARM-003,23.09,55.36,258.81,195.62,INCREASING
MED-002,PHARM-003,23.51,60.37,243.94,249.16,INCREASING
MED-003,PHARM-003,19.41,131.27,605.92,550.4,INCREASING
MED-004,PHARM-003,8.07,58.99,233.17,255.82,INCREASING
MED-005,PHARM-003,34.61,52.88,206.63,214.03,INCREASING
MED-006,PHARM-003,21.32,143.16,621.8,572.62,INCREASING
MED-007,PHARM-003,9.03,69.21,273.79,295.41,INCREASING
MED-008,PHARM-003,17.03,125.24,470.29,378.54,INCREASING
MED-009,PHARM-003,5.9,40.56,160.24,117.11,VOLATILE
MED-010,PHARM-003,1.81,11.02,54.17,56.67,STABLE
MED-011,PHARM-003,6.34,47.14,207.28,172.89,INCREASING
MED-012,PHARM-003,5.61,41.35,171.88,191.87,INCREASING
MED-013,PHARM-003,9.42,63.57,317.23,278.66,VOLATILE
MED-014,PHARM-003,9.72,69.69,297.99,326.61,INCREASING
MED-015,PHARM-003,16.76,111.8,460.68,412.74,STABLE
MED-016,PHARM-003,2.3,15.66,72.92,71.6,STABLE
MED-017,PHARM-003,8.09,58.97,252.55,247.91,INCREASING
MED-018,PHARM-003,23.5,172.71,717.41,763.66,INCREASING
MED-019,PHARM-003,16.19,107.96,486.11,549.62,INCREASING
MED-020,PHARM-003,20.44,145.8,652.96,762.97,DECREASING
MED-021,PHARM-003,5.74,41.7,179.08,210.79,DECREASING
MED-022,PHARM-003,12.63,90.14,408.41,446.72,INCREASING
MED-023,PHARM-003,3.57,23.64,110.83,126.81,STABLE
MED-024,PHARM-003,24.99,180.96,715.14,583.62,INCREASING
MED-025,PHARM-003,13.35,96.28,433.83,378.56,DECREASING
MED-026,PHARM-003,16.97,118.59,467.48,439.05,INCREASING
MED-027,PHARM-003,10.06,64.85,281.33,271.39,DECREASING
MED-028,PHARM-003,3.81,30.23,125.05,128.81,VOLATILE
MED-029,PHARM-003,1.51,9.78,40.08,46.63,STABLE
MED-030,PHARM-003,17.47,123.33,515.01,450.65,INCREASING
MED-031,PHARM-003,16.7,116.86,495.19,406.38,INCREASING
MED-032,PHARM-003,15.08,114.59,446.8,482.23,STABLE
MED-033,PHARM-003,3.64,26.14,115.74,125.45,INCREASING
MED-034,PHARM-003,15.12,106.95,416.7,498.75,STABLE
MED-035,PHARM-003,13.15,85.01,420.71,420.44,INCREASING
MED-036,PHARM-003,6.35,41.43,209.63,270.03,DECREASING
MED-037,PHARM-003,5.75,35.96,156.49,165.82,DECREASING
MED-038,PHARM-003,10.44,68.17,340.45,323.08,INCREASING
MED-039,PHARM-003,21.05,140.95,606.06,627.14,DECREASING
MED-040,PHARM-003,22.04,152.63,659.13,614.95,DECREASING
MED-041,PHARM-003,5.74,38.03,156.12,174.62,VOLATILE
MED-042,PHARM-003,3.19,24.18,82.6,94.73,VOLATILE
MED-043,PHARM-003,4.94,36.28,162.46,209.33,VOLATILE
MED-044,PHARM-003,24.23,156.93,794.55,741.15,STABLE
MED-045,PHARM-003,10.55,72.53,318.96,310.72,DECREASING
MED-046,PHARM-003,5.21,38.16,140.09,137.53,INCREASING
MED-047,PHARM-003,4.39,32.51,137.62,166.67,VOLATILE
MED-048,PHARM-003,11.47,83.34,384.1,381.32,STABLE
MED-049,PHARM-003,7.6,48.97,240.61,209.91,DECREASING
MED-050,PHARM-003,9.09,62.37,239.85,259.1,STABLE
MED-051,PHARM-003,12.76,92.79,413.69,338.56,STABLE
MED-052,PHARM-003,3.87,26.07,103.76,105.7,DECREASING
MED-053,PHARM-003,6.74,43.21,217.2,227.6,INCREASING
MED-054,PHARM-003,6.22,44.63,171.61,185.81,VOLATILE
MED-055,PHARM-003,3.44,20.54,112.63,139.74,DECREASING
MED-056,PHARM-003,4.62,35.22,152.12,139.9,DECREASING
MED-057,PHARM-003,18.19,126.23,524.1,628.79,DECREASING
MED-058,PHARM-003,5.35,36.56,155.97,143.23,INCREASING
MED-059,PHARM-003,3.48,25.97,102.22,82.11,STABLE
MED-060,PHARM-003,27.14,169.11,736.89,855.66,INCREASING
MED-001,PHARM-004,4.55,33.16,141.45,156.54,DECREASING
MED-002,PHARM-004,16.82,127.24,519.37,479.68,DECREASING
MED-003,PHARM-004,3.73,25.4,103.65,120.63,INCREASING
MED-004,PHARM-004,19.44,127.25,540.3,548.82,INCREASING
MED-005,PHARM-004,14.68,111.26,469.51,423.87,DECREASING
MED-006,PHARM-004,24.28,163.0,782.36,877.57,DECREASING
MED-007,PHARM-004,24.18,157.1,793.08,907.33,DECREASING
MED-008,PHARM-004,24.28,180.31,708.85,791.27,STABLE
MED-009,PHARM-004,3.54,21.98,102.01,117.25,INCREASING
MED-010,PHARM-004,7.22,55.43,245.21,187.59,DECREASING
MED-011,PHARM-004,13.37,95.83,436.65,406.61,INCREASING
MED-012,PHARM-004,17.25,124.02,513.8,555.13,DECREASING
MED-013,PHARM-004,1.84,11.12,47.54,61.69,STABLE
MED-014,PHARM-004,5.14,38.77,142.96,140.31,DECREASING
MED-015,PHARM-004,15.92,116.49,514.41,546.29,DECREASING
MED-016,PHARM-004,7.58,60.05,212.37,236.62,DECREASING
MED-017,PHARM-004,12.75,97.29,409.69,344.03,INCREASING
MED-018,PHARM-004,14.98,114.88,436.7,418.91,INCREASING
MED-019,PHARM-004,24.3,185.38,776.27,649.48,INCREASING
MED-020,PHARM-004,17.12,122.17,464.43,517.71,INCREASING
MED-021,PHARM-004,24.75,183.19,698.72,790.9,INCREASING
MED-022,PHARM-004,15.9,118.27,451.53,501.08,STABLE
MED-023,PHARM-004,9.1,69.87,299.62,304.44,INCREASING
MED-024,PHARM-004,5.42,40.72,150.63,142.09,INCREASING
MED-025,PHARM-004,15.95,100.84,456.05,387.96,DECREASING
MED-026,PHARM-004,14.57,107.0,435.02,483.4,STABLE
MED-027,PHARM-004,12.94,85.54,397.14,433.24,INCREASING
MED-028,PHARM-004,5.77,46.01,150.29,148.39,VOLATILE
MED-029,PHARM-004,5.4,33.35,172.32,166.48,STABLE
MED-030,PHARM-004,10.09,65.66,280.07,294.0,INCREASING
MED-031,PHARM-004,11.38,81.21,327.4,328.13,DECREASING
MED-032,PHARM-004,5.18,37.72,166.36,176.4,INCREASING
MED-033,PHARM-004,12.46,93.99,367.36,415.47,DECREASING
MED-034,PHARM-004,12.15,78.16,359.16,382.88,INCREASING
MED-035,PHARM-004,23.98,174.13,715.7,598.68,STABLE
MED-036,PHARM-004,1.57,9.66,50.47,59.91,STABLE
MED-037,PHARM-004,7.24,51.62,206.1,159.39,INCREASING
MED-038,PHARM-004,10.55,83.62,309.18,386.32,STABLE
MED-039,PHARM-004,24.3,173.52,707.37,729.42,INCREASING
MED-040,PHARM-004,6.4,44.64,205.34,193.03,INCREASING
MED-041,PHARM-004,1.82,11.89,50.11,47.98,STABLE
MED-042,PHARM-004,7.5,54.99,238.06,170.78,INCREASING
MED-043,PHARM-004,8.58,56.62,245.03,172.42,DECREASING
MED-044,PHARM-004,15.46,106.07,430.58,453.52,STABLE
MED-045,PHARM-004,1.56,11.02,45.06,43.81,DECREASING
MED-046,PHARM-004,4.76,35.54,154.66,160.93,STABLE
MED-047,PHARM-004,10.66,66.91,344.21,251.22,STABLE
MED-048,PHARM-004,3.63,26.64,108.43,104.66,INCREASING
MED-049,PHARM-004,2.98,20.94,85.25,65.35,VOLATILE
MED-050,PHARM-004,6.56,43.28,180.3,232.71,STABLE
MED-051,PHARM-004,3.17,21.31,89.61,76.61,INCREASING
MED-052,PHARM-004,3.83,23.75,114.81,110.03,DECREASING
MED-053,PHARM-004,11.36,82.76,340.82,386.27,INCREASING
MED-054,PHARM-004,1.33,10.32,34.42,24.48,STABLE
MED-055,PHARM-004,10.41,74.53,319.18,359.3,VOLATILE
MED-056,PHARM-004,9.37,64.34,307.31,266.98,DECREASING
MED-057,PHARM-004,21.3,161.62,586.36,667.16,INCREASING
MED-058,PHARM-004,12.58,86.31,345.6,396.82,INCREASING
MED-059,PHARM-004,7.87,58.17,216.1,227.62,INCREASING
MED-060,PHARM-004,22.93,155.67,719.18,810.93,INCREASING
MED-001,PHARM-005,0.77,20.15,87.83,93.23,DECREASING
MED-002,PHARM-005,1.52,139.84,630.53,696.07,DECREASING
MED-003,PHARM-005,22.41,161.36,737.72,685.55,INCREASING
MED-004,PHARM-005,6.32,40.42,187.41,172.63,INCREASING
MED-005,PHARM-005,0.59,108.75,439.4,432.68,DECREASING
MED-006,PHARM-005,21.3,136.48,685.55,782.98,DECREASING
MED-007,PHARM-005,13.18,93.26,418.48,484.75,DECREASING
MED-008,PHARM-005,23.0,163.31,646.98,674.15,INCREASING
MED-009,PHARM-005,11.51,79.37,377.51,453.93,STABLE
MED-010,PHARM-005,6.3,39.77,174.7,168.18,VOLATILE
MED-011,PHARM-005,14.53,103.94,424.03,494.92,DECREASING
MED-012,PHARM-005,11.99,81.22,366.74,409.17,INCREASING
MED-013,PHARM-005,1.26,7.75,39.82,34.66,DECREASING
MED-014,PHARM-005,10.33,73.51,287.68,270.4,DECREASING
MED-015,PHARM-005,5.84,42.59,160.65,164.44,INCREASING
MED-016,PHARM-005,9.85,72.47,324.66,371.17,STABLE
MED-017,PHARM-005,17.21,118.62,502.03,474.44,INCREASING
MED-018,PHARM-005,0.73,162.21,756.11,662.96,DECREASING
MED-019,PHARM-005,1.49,70.41,285.74,290.29,DECREASING
MED-020,PHARM-005,22.28,159.64,681.4,587.16,INCREASING
MED-021,PHARM-005,21.29,157.11,678.18,587.45,DECREASING
MED-022,PHARM-005,3.96,26.97,124.02,147.32,INCREASING
MED-023,PHARM-005,19.55,144.62,555.3,497.36,DECREASING
MED-024,PHARM-005,22.89,150.42,711.19,731.22,DECREASING
MED-025,PHARM-005,13.16,88.1,385.47,389.7,INCREASING
MED-026,PHARM-005,20.97,155.63,583.6,525.24,DECREASING
MED-027,PHARM-005,22.23,157.31,613.89,698.83,STABLE
MED-028,PHARM-005,3.78,28.55,105.67,131.37,DECREASING
MED-029,PHARM-005,10.06,61.79,338.97,403.38,INCREASING
MED-030,PHARM-005,23.47,161.49,689.52,654.76,DECREASING
MED-031,PHARM-005,24.88,169.8,675.97,792.46,INCREASING
MED-032,PHARM-005,20.41,132.51,586.2,663.52,INCREASING
MED-033,PHARM-005,19.69,136.98,604.33,702.44,STABLE
MED-034,PHARM-005,8.63,64.46,261.43,285.19,DECREASING
MED-035,PHARM-005,5.45,36.53,157.0,128.6,DECREASING
MED-036,PHARM-005,7.85,56.97,204.61,245.94,VOLATILE
MED-037,PHARM-005,7.36,44.05,221.82,187.47,DECREASING
MED-038,PHARM-005,3.85,22.92,110.4,115.08,DECREASING
MED-039,PHARM-005,17.62,113.12,578.78,478.69,STABLE
MED-040,PHARM-005,11.59,80.65,357.13,425.85,INCREASING
MED-041,PHARM-005,9.09,60.9,237.32,200.46,STABLE
MED-042,PHARM-005,9.37,70.22,266.98,193.99,INCREASING
MED-043,PHARM-005,9.86,62.29,320.57,313.77,VOLATILE
MED-044,PHARM-005,16.9,125.67,462.7,513.82,DECREASING
MED-045,PHARM-005,0.93,5.93,30.34,37.36,INCREASING
MED-046,PHARM-005,11.23,78.97,386.34,396.31,INCREASING
MED-047,PHARM-005,0.92,6.72,25.83,31.44,STABLE
MED-048,PHARM-005,10.46,69.53,278.45,256.4,VOLATILE
MED-049,PHARM-005,9.05,70.85,262.27,336.82,VOLATILE
MED-050,PHARM-005,8.46,56.86,276.44,237.75,STABLE
MED-051,PHARM-005,19.0,121.8,581.68,656.68,INCREASING
MED-052,PHARM-005,4.19,25.64,131.77,116.47,VOLATILE
MED-053,PHARM-005,6.67,46.17,197.98,215.94,INCREASING
MED-054,PHARM-005,7.57,51.96,236.6,277.98,STABLE
MED-055,PHARM-005,1.36,9.91,39.13,46.2,DECREASING
MED-056,PHARM-005,23.96,155.74,734.26,816.88,STABLE
MED-057,PHARM-005,5.78,38.32,178.43,168.59,STABLE
MED-058,PHARM-005,16.31,118.26,533.22,505.92,STABLE
MED-059,PHARM-005,15.63,110.05,459.34,486.82,INCREASING
MED-060,PHARM-005,0.89,152.89,678.45,683.27,DECREASING
MED-001,PHARM-006,3.49,24.04,120.29,104.81,VOLATILE
MED-002,PHARM-006,7.4,48.03,203.09,176.5,DECREASING
MED-003,PHARM-006,24.94,185.42,818.17,977.41,INCREASING
MED-004,PHARM-006,18.61,131.57,534.89,492.09,INCREASING
MED-005,PHARM-006,18.66,141.78,575.22,642.8,INCREASING
MED-006,PHARM-006,5.67,37.32,157.81,176.14,STABLE
MED-007,PHARM-006,10.94,77.69,326.06,389.06,INCREASING
MED-008,PHARM-006,16.46,105.68,474.97,569.89,DECREASING
MED-009,PHARM-006,6.55,49.55,215.56,160.43,INCREASING
MED-010,PHARM-006,7.89,54.4,249.49,226.21,DECREASING
MED-011,PHARM-006,19.89,128.9,597.04,684.97,STABLE
MED-012,PHARM-006,14.4,96.85,402.79,472.83,INCREASING
MED-013,PHARM-006,4.48,35.51,150.32,181.52,INCREASING
MED-014,PHARM-006,7.32,55.92,209.69,220.18,STABLE
MED-015,PHARM-006,14.06,91.9,459.05,395.55,INCREASING
MED-016,PHARM-006,10.19,72.69,335.53,240.58,STABLE
MED-017,PHARM-006,23.87,176.15,682.39,603.45,DECREASING
MED-018,PHARM-006,16.6,105.28,536.74,546.53,INCREASING
MED-019,PHARM-006,13.62,101.15,423.72,389.39,STABLE
MED-020,PHARM-006,18.15,118.36,535.31,527.7,INCREASING
MED-021,PHARM-006,16.35,110.16,511.92,559.88,INCREASING
MED-022,PHARM-006,24.46,158.58,714.8,732.43,INCREASING
MED-023,PHARM-006,8.32,53.84,247.08,211.59,STABLE
MED-024,PHARM-006,9.38,64.14,287.89,258.9,INCREASING
MED-025,PHARM-006,20.9,158.99,654.73,573.5,INCREASING
MED-026,PHARM-006,13.96,98.01,418.7,386.63,STABLE
MED-027,PHARM-006,4.98,34.12,148.12,132.76,INCREASING
MED-028,PHARM-006,1.06,6.93,32.73,39.46,VOLATILE
MED-029,PHARM-006,3.79,22.62,100.31,78.28,INCREASING
MED-030,PHARM-006,19.01,140.09,555.01,532.94,INCREASING
MED-031,PHARM-006,10.98,73.61,321.91,315.52,INCREASING
MED-032,PHARM-006,21.16,151.77,648.9,552.52,STABLE
MED-033,PHARM-006,11.67,86.51,338.83,398.32,INCREASING
MED-034,PHARM-006,7.38,51.75,221.4,181.13,INCREASING
MED-035,PHARM-006,18.7,138.86,563.17,484.09,INCREASING
MED-036,PHARM-006,4.27,30.9,115.13,149.02,INCREASING
MED-037,PHARM-006,7.33,51.42,220.54,219.2,INCREASING
MED-038,PHARM-006,5.96,35.67,169.75,129.99,VOLATILE
MED-039,PHARM-006,15.84,117.46,496.61,533.96,STABLE
MED-040,PHARM-006,16.13,107.62,498.96,593.17,INCREASING
MED-041,PHARM-006,8.8,63.14,237.9,256.32,VOLATILE
MED-042,PHARM-006,2.2,16.23,56.73,71.99,STABLE
MED-043,PHARM-006,2.69,18.5,78.73,74.62,DECREASING
MED-044,PHARM-006,12.03,88.84,391.25,449.6,STABLE
MED-045,PHARM-006,8.62,60.68,263.32,342.02,VOLATILE
MED-046,PHARM-006,6.54,43.22,176.96,220.72,INCREASING
MED-047,PHARM-006,6.78,49.96,225.83,250.32,INCREASING
MED-048,PHARM-006,7.52,47.78,208.44,215.7,DECREASING
MED-049,PHARM-006,11.33,90.78,367.55,412.74,VOLATILE
MED-050,PHARM-006,4.15,27.73,140.7,165.64,INCREASING
MED-051,PHARM-006,9.33,66.27,282.32,327.01,DECREASING
MED-052,PHARM-006,9.91,78.83,324.47,283.67,INCREASING
MED-053,PHARM-006,24.02,153.98,781.71,830.48,DECREASING
MED-054,PHARM-006,2.96,22.76,82.7,85.78,INCREASING
MED-055,PHARM-006,2.08,15.07,64.03,54.14,DECREASING
MED-056,PHARM-006,17.03,108.54,502.04,545.69,STABLE
MED-057,PHARM-006,17.99,116.8,589.84,702.6,INCREASING
MED-058,PHARM-006,11.95,90.93,385.63,382.15,INCREASING
MED-059,PHARM-006,19.63,131.56,563.63,464.24,STABLE
MED-060,PHARM-006,17.35,114.95,545.35,621.77,STABLE
MED-001,PHARM-007,34.94,69.49,367.84,296.29,INCREASING
MED-002,PHARM-007,32.53,82.03,382.63,453.36,INCREASING
MED-003,PHARM-007,3.2,22.7,88.46,105.55,INCREASING
MED-004,PHARM-007,13.0,93.57,391.9,452.92,INCREASING
MED-005,PHARM-007,29.62,151.07,611.57,516.81,INCREASING
MED-006,PHARM-007,17.26,126.1,467.48,437.02,INCREASING
MED-007,PHARM-007,15.49,114.01,434.54,496.44,DECREASING
MED-008,PHARM-007,21.19,148.78,583.16,622.64,INCREASING
MED-009,PHARM-007,11.79,81.97,399.95,281.6,VOLATILE
MED-010,PHARM-007,3.21,24.18,109.42,96.42,STABLE
MED-011,PHARM-007,8.75,59.53,248.66,265.35,DECREASING
MED-012,PHARM-007,9.75,66.96,292.65,338.9,INCREASING
MED-013,PHARM-007,8.44,61.54,286.67,263.89,DECREASING
MED-014,PHARM-007,7.82,50.73,218.33,239.97,INCREASING
MED-015,PHARM-007,12.15,85.89,362.37,367.81,INCREASING
MED-016,PHARM-007,9.26,68.33,285.79,335.07,VOLATILE
MED-017,PHARM-007,14.62,99.51,475.2,401.49,INCREASING
MED-018,PHARM-007,28.61,101.55,451.91,455.59,INCREASING
MED-019,PHARM-007,24.07,131.1,608.02,594.76,INCREASING
MED-020,PHARM-007,14.29,99.17,390.78,384.9,INCREASING
MED-021,PHARM-007,18.91,129.62,603.2,662.51,STABLE
MED-022,PHARM-007,4.0,27.13,109.53,131.18,STABLE
MED-023,PHARM-007,24.7,171.93,709.45,618.64,INCREASING
MED-024,PHARM-007,19.85,152.24,612.87,593.35,DECREASING
MED-025,PHARM-007,12.87,97.61,376.64,313.4,INCREASING
MED-026,PHARM-007,17.38,117.96,487.87,495.14,INCREASING
MED-027,PHARM-007,19.01,125.69,513.67,415.61,INCREASING
MED-028,PHARM-007,5.82,43.42,170.63,158.27,DECREASING
MED-029,PHARM-007,3.35,22.37,93.74,118.34,STABLE
MED-030,PHARM-007,3.71,26.8,113.86,133.73,STABLE
MED-031,PHARM-007,8.29,53.01,253.37,247.94,STABLE
MED-032,PHARM-007,8.38,53.31,248.33,252.28,STABLE
MED-033,PHARM-007,6.08,46.76,172.7,201.46,INCREASING
MED-034,PHARM-007,15.7,115.89,500.99,448.27,INCREASING
MED-035,PHARM-007,24.69,173.56,727.89,662.42,INCREASING
MED-036,PHARM-007,7.7,52.72,230.7,296.07,VOLATILE
MED-037,PHARM-007,9.54,63.15,279.02,220.29,VOLATILE
MED-038,PHARM-007,2.61,18.48,72.22,60.32,DECREASING
MED-039,PHARM-007,20.73,157.15,629.66,747.48,INCREASING
MED-040,PHARM-007,11.55,76.89,334.74,278.38,DECREASING
MED-041,PHARM-007,10.24,62.92,327.9,267.01,INCREASING
MED-042,PHARM-007,4.84,34.95,125.14,93.06,DECREASING
MED-043,PHARM-007,6.01,46.73,171.27,218.23,STABLE
MED-044,PHARM-007,7.66,50.3,240.9,264.69,DECREASING
MED-045,PHARM-007,11.02,81.67,350.81,329.05,DECREASING
MED-046,PHARM-007,6.85,51.91,198.14,202.14,INCREASING
MED-047,PHARM-007,4.05,27.16,135.45,132.69,VOLATILE
MED-048,PHARM-007,9.26,61.32,253.06,224.65,STABLE
MED-049,PHARM-007,6.97,44.71,186.89,160.06,VOLATILE
MED-050,PHARM-007,3.89,24.75,107.25,111.74,DECREASING
MED-051,PHARM-007,13.98,100.89,434.9,392.68,DECREASING
MED-052,PHARM-007,11.61,84.72,347.32,278.18,INCREASING
MED-053,PHARM-007,6.72,49.11,201.13,234.67,STABLE
MED-054,PHARM-007,6.53,50.36,170.88,203.48,STABLE
MED-055,PHARM-007,9.29,63.32,307.34,257.82,DECREASING
MED-056,PHARM-007,3.2,22.43,93.57,97.98,DECREASING
MED-057,PHARM-007,17.5,110.64,528.38,509.64,STABLE
MED-058,PHARM-007,14.65,97.93,481.47,388.48,DECREASING
MED-059,PHARM-007,20.74,157.08,573.3,480.73,INCREASING
MED-060,PHARM-007,16.58,59.49,236.67,222.89,INCREASING
MED-001,PHARM-008,11.53,79.72,319.25,357.03,INCREASING
MED-002,PHARM-008,18.05,135.14,558.15,638.13,STABLE
MED-003,PHARM-008,5.06,34.56,153.4,126.16,STABLE
MED-004,PHARM-008,18.46,118.43,592.05,626.37,INCREASING
MED-005,PHARM-008,15.45,115.89,425.99,430.79,STABLE
MED-006,PHARM-008,8.05,60.87,250.79,257.49,INCREASING
MED-007,PHARM-008,4.02,25.74,130.87,151.77,STABLE
MED-008,PHARM-008,6.95,52.06,188.3,166.24,INCREASING
MED-009,PHARM-008,9.15,68.14,266.12,198.57,DECREASING
MED-010,PHARM-008,6.99,49.91,231.68,256.29,INCREASING
MED-011,PHARM-008,11.44,83.92,363.14,390.64,STABLE
MED-012,PHARM-008,14.02,107.45,383.06,373.42,STABLE
MED-013,PHARM-008,4.42,33.44,150.69,141.35,INCREASING
MED-014,PHARM-008,3.65,24.39,120.29,119.84,INCREASING
MED-015,PHARM-008,15.17,103.54,426.5,441.15,DECREASING
MED-016,PHARM-008,1.49,10.8,48.7,54.93,STABLE
MED-017,PHARM-008,8.9,60.8,282.16,243.14,DECREASING
MED-018,PHARM-008,9.97,64.3,269.5,248.83,INCREASING
MED-019,PHARM-008,19.75,127.25,543.59,528.58,DECREASING
MED-020,PHARM-008,5.27,33.86,159.81,166.01,INCREASING
MED-021,PHARM-008,22.0,138.98,648.62,721.05,INCREASING
MED-022,PHARM-008,15.58,101.85,456.25,390.34,INCREASING
MED-023,PHARM-008,8.9,57.89,249.23,226.9,INCREASING
MED-024,PHARM-008,13.65,87.46,389.16,349.71,DECREASING
MED-025,PHARM-008,16.06,105.57,443.93,409.24,DECREASING
MED-026,PHARM-008,10.31,73.9,328.11,305.74,INCREASING
MED-027,PHARM-008,12.47,92.94,385.4,399.95,INCREASING
MED-028,PHARM-008,4.19,33.27,114.42,101.66,VOLATILE
MED-029,PHARM-008,11.64,76.38,369.62,367.63,DECREASING
MED-030,PHARM-008,10.17,68.06,322.54,305.12,INCREASING
MED-031,PHARM-008,16.03,113.23,498.38,508.37,DECREASING
MED-032,PHARM-008,23.75,156.6,754.92,854.96,STABLE
MED-033,PHARM-008,21.02,155.84,619.14,618.97,INCREASING
MED-034,PHARM-008,8.32,60.09,260.34,290.44,STABLE
MED-035,PHARM-008,12.88,91.93,392.76,398.16,DECREASING
MED-036,PHARM-008,6.75,51.37,193.97,240.0,STABLE
MED-037,PHARM-008,1.76,11.39,55.41,44.32,STABLE
MED-038,PHARM-008,6.98,50.99,218.62,279.85,INCREASING
MED-039,PHARM-008,24.25,167.39,656.28,592.95,INCREASING
MED-040,PHARM-008,12.81,87.72,405.23,419.59,INCREASING
MED-041,PHARM-008,4.47,26.83,118.19,112.23,STABLE
MED-042,PHARM-008,1.83,14.5,49.0,43.47,VOLATILE
MED-043,PHARM-008,9.52,67.06,272.6,206.79,VOLATILE
MED-044,PHARM-008,10.02,67.34,319.25,270.1,INCREASING
MED-045,PHARM-008,7.95,58.61,214.48,276.75,DECREASING
MED-046,PHARM-008,6.43,45.71,183.12,175.03,VOLATILE
MED-047,PHARM-008,3.17,21.56,86.1,93.36,VOLATILE
MED-048,PHARM-008,5.05,37.87,168.91,163.8,VOLATILE
MED-049,PHARM-008,4.97,36.93,135.94,156.52,STABLE
MED-050,PHARM-008,7.14,54.47,216.57,199.13,DECREASING
MED-051,PHARM-008,13.07,87.14,420.54,425.2,INCREASING
MED-052,PHARM-008,7.37,53.31,226.87,206.17,VOLATILE
MED-053,PHARM-008,16.58,123.34,517.89,475.93,STABLE
MED-054,PHARM-008,8.23,54.38,227.54,175.24,INCREASING
MED-055,PHARM-008,8.47,59.48,247.87,194.01,VOLATILE
MED-056,PHARM-008,12.31,85.94,372.06,434.44,INCREASING
MED-057,PHARM-008,15.21,106.25,423.47,392.06,DECREASING
MED-058,PHARM-008,16.63,124.92,543.98,540.63,INCREASING
MED-059,PHARM-008,20.93,160.1,628.58,627.32,DECREASING
MED-060,PHARM-008,12.14,90.76,363.38,302.72,STABLE
MED-001,PHARM-009,9.65,61.89,248.91,207.82,INCREASING
MED-002,PHARM-009,6.7,46.5,210.75,233.17,STABLE
MED-003,PHARM-009,15.6,104.13,472.03,564.72,STABLE
MED-004,PHARM-009,19.72,136.42,558.3,541.59,INCREASING
MED-005,PHARM-009,9.55,73.53,283.62,266.44,STABLE
MED-006,PHARM-009,12.66,97.37,400.74,358.57,INCREASING
MED-007,PHARM-009,21.94,156.97,648.74,678.88,INCREASING
MED-008,PHARM-009,20.9,155.24,635.79,644.0,INCREASING
MED-009,PHARM-009,4.22,31.35,118.6,102.04,STABLE
MED-010,PHARM-009,2.06,15.5,60.16,44.25,INCREASING
MED-011,PHARM-009,22.08,143.03,710.9,639.72,INCREASING
MED-012,PHARM-009,21.23,156.38,659.35,656.57,INCREASING
MED-013,PHARM-009,7.72,52.02,202.11,237.83,STABLE
MED-014,PHARM-009,11.86,87.17,369.66,425.45,DECREASING
MED-015,PHARM-009,23.91,161.59,645.92,716.75,STABLE
MED-016,PHARM-009,8.91,61.59,280.46,256.6,STABLE
MED-017,PHARM-009,20.5,140.56,672.58,759.97,DECREASING
MED-018,PHARM-009,8.91,66.47,258.63,266.69,DECREASING
MED-019,PHARM-009,20.34,153.6,642.21,525.57,DECREASING
MED-020,PHARM-009,3.36,25.54,93.9,92.27,DECREASING
MED-021,PHARM-009,7.45,54.12,207.05,219.47,INCREASING
MED-022,PHARM-009,22.24,167.41,612.94,578.72,STABLE
MED-023,PHARM-009,11.18,84.58,312.96,299.98,INCREASING
MED-024,PHARM-009,18.97,139.57,561.05,469.31,STABLE
MED-025,PHARM-009,3.02,21.04,83.94,74.75,DECREASING
MED-026,PHARM-009,3.2,23.28,102.09,122.02,DECREASING
MED-027,PHARM-009,18.27,127.32,518.39,433.24,STABLE
MED-028,PHARM-009,1.69,11.36,47.65,44.3,DECREASING
MED-029,PHARM-009,7.88,58.09,205.79,213.6,DECREASING
MED-030,PHARM-009,12.68,92.71,390.14,335.73,DECREASING
MED-031,PHARM-009,16.55,114.52,468.42,542.73,INCREASING
MED-032,PHARM-009,19.55,139.3,572.9,679.06,INCREASING
MED-033,PHARM-009,20.4,135.6,629.7,566.27,INCREASING
MED-034,PHARM-009,20.14,146.35,646.24,687.19,INCREASING
MED-035,PHARM-009,7.52,53.77,211.55,202.39,STABLE
MED-036,PHARM-009,9.51,72.44,262.99,244.98,DECREASING
MED-037,PHARM-009,6.25,44.98,189.09,243.29,INCREASING
MED-038,PHARM-009,11.24,69.99,373.7,389.03,INCREASING
MED-039,PHARM-009,15.02,98.26,447.99,535.32,STABLE
MED-040,PHARM-009,3.37,21.55,96.29,78.57,STABLE
MED-041,PHARM-009,11.41,77.43,320.37,361.24,VOLATILE
MED-042,PHARM-009,5.37,36.49,167.89,171.68,DECREASING
MED-043,PHARM-009,3.69,24.36,111.08,91.3,DECREASING
MED-044,PHARM-009,14.8,101.34,455.93,516.94,STABLE
MED-045,PHARM-009,4.07,27.96,138.71,116.96,DECREASING
MED-046,PHARM-009,1.49,10.22,44.07,46.95,INCREASING
MED-047,PHARM-009,8.16,59.83,220.98,156.37,DECREASING
MED-048,PHARM-009,8.57,53.94,292.04,296.07,INCREASING
MED-049,PHARM-009,2.42,15.04,78.72,67.8,STABLE
MED-050,PHARM-009,9.37,56.33,307.0,265.0,STABLE
MED-051,PHARM-009,8.78,67.3,270.12,269.7,INCREASING
MED-052,PHARM-009,1.14,8.84,30.78,24.45,STABLE
MED-053,PHARM-009,22.67,164.22,627.78,688.24,STABLE
MED-054,PHARM-009,1.01,7.84,27.98,27.51,VOLATILE
MED-055,PHARM-009,11.08,70.09,378.31,272.84,VOLATILE
MED-056,PHARM-009,7.94,52.78,258.01,239.43,STABLE
MED-057,PHARM-009,15.57,100.69,483.29,396.81,INCREASING
MED-058,PHARM-009,20.7,158.85,677.4,560.6,DECREASING
MED-059,PHARM-009,22.05,162.79,636.46,531.16,DECREASING
MED-060,PHARM-009,3.18,20.93,96.62,89.04,INCREASING
MED-001,PHARM-010,5.84,42.0,174.85,203.45,DECREASING
MED-002,PHARM-010,19.11,135.02,607.24,522.36,DECREASING
MED-003,PHARM-010,3.53,24.92,108.78,117.2,STABLE
MED-004,PHARM-010,23.92,150.74,740.18,843.51,INCREASING
MED-005,PHARM-010,5.29,37.25,150.39,149.91,STABLE
MED-006,PHARM-010,24.4,158.58,699.77,572.1,INCREASING
MED-007,PHARM-010,22.74,159.81,709.6,673.41,STABLE
MED-008,PHARM-010,15.78,110.58,486.39,465.84,STABLE
MED-009,PHARM-010,5.5,43.86,151.97,130.18,INCREASING
MED-010,PHARM-010,11.15,75.54,367.81,329.47,VOLATILE
MED-011,PHARM-010,8.98,57.51,253.38,281.75,STABLE
MED-012,PHARM-010,6.42,41.92,191.29,184.14,INCREASING
MED-013,PHARM-010,11.59,74.01,327.7,281.5,STABLE
MED-014,PHARM-010,4.99,37.08,143.84,155.62,STABLE
MED-015,PHARM-010,7.73,57.97,215.59,233.8,INCREASING
MED-016,PHARM-010,5.06,30.63,142.64,170.03,DECREASING
MED-017,PHARM-010,3.68,25.27,109.34,120.19,INCREASING
MED-018,PHARM-010,5.08,32.73,161.36,136.93,STABLE
MED-019,PHARM-010,21.27,163.26,590.97,667.48,INCREASING
MED-020,PHARM-010,18.1,137.79,497.83,514.98,STABLE
MED-021,PHARM-010,3.48,22.24,112.8,110.25,INCREASING
MED-022,PHARM-010,5.02,37.58,159.9,135.76,DECREASING
MED-023,PHARM-010,4.11,31.21,121.65,132.57,DECREASING
MED-024,PHARM-010,3.65,26.49,102.33,90.65,INCREASING
MED-025,PHARM-010,9.05,62.67,252.42,263.94,INCREASING
MED-026,PHARM-010,17.24,120.65,556.79,552.12,STABLE
MED-027,PHARM-010,9.16,59.47,258.28,298.02,INCREASING
MED-028,PHARM-010,7.75,59.17,253.07,327.38,INCREASING
MED-029,PHARM-010,6.02,45.7,172.15,178.93,INCREASING
MED-030,PHARM-010,11.54,75.61,333.66,296.16,INCREASING
MED-031,PHARM-010,4.29,32.98,129.46,143.28,INCREASING
MED-032,PHARM-010,24.43,157.33,755.89,685.3,STABLE
MED-033,PHARM-010,19.81,151.09,603.3,719.78,DECREASING
MED-034,PHARM-010,10.81,80.8,346.69,301.77,INCREASING
MED-035,PHARM-010,20.74,150.92,673.72,546.58,INCREASING
MED-036,PHARM-010,11.4,81.32,348.47,283.29,VOLATILE
MED-037,PHARM-010,6.73,42.52,173.91,127.6,DECREASING
MED-038,PHARM-010,0.73,5.08,20.79,22.21,DECREASING
MED-039,PHARM-010,10.5,68.76,334.05,383.25,STABLE
MED-040,PHARM-010,3.48,24.78,113.11,125.52,INCREASING
MED-041,PHARM-010,11.55,77.78,392.44,367.86,STABLE
MED-042,PHARM-010,4.37,28.96,149.82,170.71,VOLATILE
MED-043,PHARM-010,9.61,76.57,301.2,242.32,INCREASING
MED-044,PHARM-010,7.91,56.36,221.89,204.74,INCREASING
MED-045,PHARM-010,1.96,14.66,66.72,84.68,VOLATILE
MED-046,PHARM-010,10.28,77.81,314.64,254.62,INCREASING
MED-047,PHARM-010,11.09,88.52,304.84,316.83,VOLATILE
MED-048,PHARM-010,2.12,15.93,58.6,75.56,DECREASING
MED-049,PHARM-010,7.82,62.34,257.24,283.48,INCREASING
MED-050,PHARM-010,5.64,36.7,156.49,115.91,INCREASING
MED-051,PHARM-010,20.31,148.44,554.24,540.54,DECREASING
MED-052,PHARM-010,11.64,90.88,348.48,323.12,VOLATILE
MED-053,PHARM-010,5.23,36.46,168.32,178.48,INCREASING
MED-054,PHARM-010,2.37,14.47,78.48,68.82,INCREASING
MED-055,PHARM-010,3.5,21.59,100.02,123.3,DECREASING
MED-056,PHARM-010,19.1,134.96,618.63,517.94,DECREASING
MED-057,PHARM-010,18.5,127.72,572.05,596.61,DECREASING
MED-058,PHARM-010,6.46,41.61,182.39,159.77,INCREASING
MED-059,PHARM-010,17.53,117.74,483.4,462.69,DECREASING
MED-060,PHARM-010,6.38,43.42,188.63,173.13,DECREASING
MED-001,PHARM-011,24.47,16.81,75.7,66.24,INCREASING
MED-002,PHARM-011,16.82,40.99,165.23,191.33,INCREASING
MED-003,PHARM-011,14.97,98.19,483.72,458.45,DECREASING
MED-004,PHARM-011,3.98,27.52,113.75,129.09,STABLE
MED-005,PHARM-011,34.41,45.98,174.31,186.03,INCREASING
MED-006,PHARM-011,15.97,112.99,511.76,576.94,DECREASING
MED-007,PHARM-011,24.24,176.03,790.66,813.66,INCREASING
MED-008,PHARM-011,13.48,86.41,436.98,474.44,INCREASING
MED-009,PHARM-011,1.88,14.18,50.87,65.65,DECREASING
MED-010,PHARM-011,9.8,60.91,287.24,371.39,VOLATILE
MED-011,PHARM-011,7.44,55.44,207.48,215.37,INCREASING
MED-012,PHARM-011,23.04,174.64,631.34,603.08,DECREASING
MED-013,PHARM-011,6.85,53.08,206.71,258.45,STABLE
MED-014,PHARM-011,20.3,145.6,611.75,592.07,DECREASING
MED-015,PHARM-011,6.29,44.62,191.82,227.49,STABLE
MED-016,PHARM-011,11.14,79.45,294.2,256.44,INCREASING
MED-017,PHARM-011,22.31,148.8,690.02,709.9,DECREASING
MED-018,PHARM-011,15.78,25.54,106.44,111.07,INCREASING
MED-019,PHARM-011,32.94,152.67,641.56,704.63,INCREASING
MED-020,PHARM-011,3.45,25.68,99.42,90.68,DECREASING
MED-021,PHARM-011,21.88,158.82,718.43,640.25,INCREASING
MED-022,PHARM-011,24.43,169.06,780.66,708.66,DECREASING
MED-023,PHARM-011,16.31,104.79,483.6,563.57,DECREASING
MED-024,PHARM-011,19.3,142.11,621.52,701.33,INCREASING
MED-025,PHARM-011,4.44,32.38,130.63,145.29,STABLE
MED-026,PHARM-011,6.82,51.32,192.35,158.31,STABLE
MED-027,PHARM-011,13.04,98.91,407.21,370.39,DECREASING
MED-028,PHARM-011,6.31,45.96,167.94,120.64,INCREASING
MED-029,PHARM-011,6.12,42.15,208.97,205.78,INCREASING
MED-030,PHARM-011,10.57,78.99,301.79,341.73,STABLE
MED-031,PHARM-011,9.27,63.42,259.35,266.85,INCREASING
MED-032,PHARM-011,21.86,157.53,679.11,616.38,DECREASING
MED-033,PHARM-011,14.29,107.32,468.75,502.91,DECREASING
MED-034,PHARM-011,23.05,166.11,705.49,566.78,INCREASING
MED-035,PHARM-011,16.38,124.82,512.31,555.21,INCREASING
MED-036,PHARM-011,5.37,36.2,153.79,130.91,VOLATILE
MED-037,PHARM-011,3.97,27.96,123.52,129.78,STABLE
MED-038,PHARM-011,6.38,46.84,211.11,195.18,INCREASING
MED-039,PHARM-011,9.57,61.74,262.06,313.25,INCREASING
MED-040,PHARM-011,21.95,146.31,686.3,794.01,INCREASING
MED-041,PHARM-011,2.67,18.79,73.86,54.22,VOLATILE
MED-042,PHARM-011,8.1,59.77,259.13,283.29,INCREASING
MED-043,PHARM-011,3.48,23.76,100.9,72.77,DECREASING
MED-044,PHARM-011,10.55,77.0,328.29,346.45,DECREASING
MED-045,PHARM-011,10.93,80.45,328.62,396.73,DECREASING
MED-046,PHARM-011,3.88,26.92,124.81,141.67,DECREASING
MED-047,PHARM-011,11.39,89.29,357.53,297.95,DECREASING
MED-048,PHARM-011,9.06,59.75,295.29,265.4,INCREASING
MED-049,PHARM-011,7.23,50.06,192.03,140.61,STABLE
MED-050,PHARM-011,5.93,37.71,157.61,174.7,INCREASING
MED-051,PHARM-011,12.09,90.91,337.37,403.81,INCREASING
MED-052,PHARM-011,5.21,37.23,175.37,170.91,INCREASING
MED-053,PHARM-011,21.97,143.96,603.84,563.41,INCREASING
MED-054,PHARM-011,4.1,24.89,121.23,100.09,DECREASING
MED-055,PHARM-011,7.13,44.8,232.2,271.18,DECREASING
MED-056,PHARM-011,16.52,118.73,486.02,576.48,DECREASING
MED-057,PHARM-011,3.1,21.85,97.29,114.8,INCREASING
MED-058,PHARM-011,19.65,138.4,532.66,427.01,INCREASING
MED-059,PHARM-011,7.98,60.07,230.4,193.79,INCREASING
MED-060,PHARM-011,23.67,49.71,192.02,175.95,INCREASING
MED-001,PHARM-012,8.4,52.34,289.51,287.8,DECREASING
MED-002,PHARM-012,6.63,50.19,211.31,170.66,INCREASING
MED-003,PHARM-012,19.0,123.19,596.68,618.09,INCREASING
MED-004,PHARM-012,5.71,41.66,181.31,172.26,INCREASING
MED-005,PHARM-012,19.97,143.23,610.35,499.99,STABLE
MED-006,PHARM-012,17.38,109.97,541.19,523.17,DECREASING
MED-007,PHARM-012,5.72,38.06,178.53,157.5,STABLE
MED-008,PHARM-012,9.62,69.52,297.98,270.56,INCREASING
MED-009,PHARM-012,5.32,41.69,160.15,171.46,INCREASING
MED-010,PHARM-012,1.81,11.17,49.39,40.49,INCREASING
MED-011,PHARM-012,21.29,163.13,620.55,598.15,INCREASING
MED-012,PHARM-012,3.87,27.07,109.31,128.25,INCREASING
MED-013,PHARM-012,3.2,19.13,84.16,64.49,VOLATILE
MED-014,PHARM-012,6.28,40.36,188.84,205.73,STABLE
MED-015,PHARM-012,22.91,165.0,681.36,811.44,INCREASING
MED-016,PHARM-012,5.84,35.97,158.1,114.41,INCREASING
MED-017,PHARM-012,10.92,79.14,322.75,273.16,STABLE
MED-018,PHARM-012,3.21,20.84,99.14,92.35,DECREASING
MED-019,PHARM-012,24.01,160.28,753.88,715.47,INCREASING
MED-020,PHARM-012,7.02,48.16,230.07,209.07,DECREASING
MED-021,PHARM-012,18.18,126.71,536.86,619.78,INCREASING
MED-022,PHARM-012,5.49,39.94,150.16,176.74,INCREASING
MED-023,PHARM-012,5.28,40.0,157.85,162.2,DECREASING
MED-024,PHARM-012,6.99,47.75,203.77,165.36,INCREASING
MED-025,PHARM-012,13.63,95.18,440.6,430.15,STABLE
MED-026,PHARM-012,8.76,59.04,273.55,293.02,INCREASING
MED-027,PHARM-012,24.51,177.4,711.52,718.1,STABLE
MED-028,PHARM-012,5.48,40.97,163.51,179.57,VOLATILE
MED-029,PHARM-012,2.21,16.98,74.1,79.12,STABLE
MED-030,PHARM-012,17.15,111.81,550.4,627.87,INCREASING
MED-031,PHARM-012,4.65,32.5,132.27,157.14,STABLE
MED-032,PHARM-012,14.15,100.05,414.2,466.74,STABLE
MED-033,PHARM-012,13.1,97.23,388.92,444.39,DECREASING
MED-034,PHARM-012,9.95,76.35,313.14,252.74,DECREASING
MED-035,PHARM-012,12.07,85.46,325.9,272.57,INCREASING
MED-036,PHARM-012,10.74,76.59,337.14,328.28,INCREASING
MED-037,PHARM-012,4.68,28.38,128.73,125.21,VOLATILE
MED-038,PHARM-012,8.74,58.67,258.47,196.04,DECREASING
MED-039,PHARM-012,3.05,20.73,93.95,105.22,INCREASING
MED-040,PHARM-012,18.45,117.42,516.32,442.06,DECREASING
MED-041,PHARM-012,1.73,12.51,47.04,59.18,VOLATILE
MED-042,PHARM-012,2.98,22.89,81.1,73.21,VOLATILE
MED-043,PHARM-012,1.03,7.5,32.5,25.15,VOLATILE
MED-044,PHARM-012,13.06,93.05,392.13,464.89,STABLE
MED-045,PHARM-012,6.6,39.94,223.86,269.37,VOLATILE
MED-046,PHARM-012,11.13,84.48,374.99,418.15,DECREASING
MED-047,PHARM-012,8.9,55.35,257.98,273.54,INCREASING
MED-048,PHARM-012,6.3,42.57,216.19,270.14,DECREASING
MED-049,PHARM-012,3.65,29.1,124.96,121.42,DECREASING
MED-050,PHARM-012,2.09,15.08,69.97,70.49,INCREASING
MED-051,PHARM-012,18.66,142.0,574.64,505.89,INCREASING
MED-052,PHARM-012,8.4,66.23,224.23,252.54,DECREASING
MED-053,PHARM-012,14.09,102.46,407.68,344.96,INCREASING
MED-054,PHARM-012,6.97,50.0,236.87,266.73,INCREASING
MED-055,PHARM-012,10.59,72.4,271.26,207.21,VOLATILE
MED-056,PHARM-012,6.2,44.88,174.84,192.34,INCREASING
MED-057,PHARM-012,24.64,178.81,686.93,566.59,INCREASING
MED-058,PHARM-012,7.49,52.86,218.35,214.21,INCREASING
MED-059,PHARM-012,19.33,136.97,549.47,611.96,INCREASING
MED-060,PHARM-012,18.24,116.11,534.24,516.41,INCREASING
MED-001,PHARM-013,11.61,70.39,373.76,307.18,VOLATILE
MED-002,PHARM-013,21.26,161.07,663.9,703.11,INCREASING
MED-003,PHARM-013,20.08,153.61,577.6,503.07,STABLE
MED-004,PHARM-013,7.11,46.52,213.89,203.38,DECREASING
MED-005,PHARM-013,9.14,60.96,255.61,290.99,STABLE
MED-006,PHARM-013,10.27,74.9,286.83,247.1,INCREASING
MED-007,PHARM-013,16.13,119.09,496.03,564.11,INCREASING
MED-008,PHARM-013,13.79,97.93,401.96,447.63,INCREASING
MED-009,PHARM-013,6.54,52.06,197.41,231.32,DECREASING
MED-010,PHARM-013,5.28,37.37,139.01,115.76,DECREASING
MED-011,PHARM-013,17.59,118.97,505.91,597.04,DECREASING
MED-012,PHARM-013,24.93,185.81,819.87,658.78,INCREASING
MED-013,PHARM-013,5.63,44.19,174.66,187.35,STABLE
MED-014,PHARM-013,18.02,121.62,585.57,689.8,DECREASING
MED-015,PHARM-013,8.64,63.19,234.56,236.14,INCREASING
MED-016,PHARM-013,6.41,44.99,191.54,168.15,DECREASING
MED-017,PHARM-013,10.05,64.47,277.14,329.42,STABLE
MED-018,PHARM-013,16.79,110.73,516.75,457.46,DECREASING
MED-019,PHARM-013,21.38,140.85,683.57,787.1,DECREASING
MED-020,PHARM-013,17.22,131.14,542.11,467.03,DECREASING
MED-021,PHARM-013,18.77,119.25,515.04,448.7,INCREASING
MED-022,PHARM-013,15.28,108.56,433.43,391.59,DECREASING
MED-023,PHARM-013,12.92,88.71,373.37,356.87,STABLE
MED-024,PHARM-013,14.77,106.31,453.59,500.03,STABLE
MED-025,PHARM-013,18.42,117.92,599.91,505.4,INCREASING
MED-026,PHARM-013,16.34,109.38,532.03,506.79,STABLE
MED-027,PHARM-013,13.43,94.64,373.6,357.31,INCREASING
MED-028,PHARM-013,11.54,72.15,364.61,455.22,INCREASING
MED-029,PHARM-013,11.51,68.75,384.12,301.47,STABLE
MED-030,PHARM-013,3.11,22.19,93.99,110.79,INCREASING
MED-031,PHARM-013,7.62,55.92,238.93,211.38,INCREASING
MED-032,PHARM-013,6.54,43.22,209.34,183.74,INCREASING
MED-033,PHARM-013,17.76,125.99,485.32,534.05,DECREASING
MED-034,PHARM-013,17.18,109.99,533.1,479.94,INCREASING
MED-035,PHARM-013,18.96,132.38,549.56,467.83,INCREASING
MED-036,PHARM-013,1.65,11.96,55.44,49.38,VOLATILE
MED-037,PHARM-013,4.28,31.39,135.85,107.52,INCREASING
MED-038,PHARM-013,9.79,77.96,264.5,234.86,DECREASING
MED-039,PHARM-013,18.67,134.37,535.08,505.01,INCREASING
MED-040,PHARM-013,22.31,155.01,650.39,599.78,STABLE
MED-041,PHARM-013,2.52,18.2,83.35,101.29,DECREASING
MED-042,PHARM-013,10.75,68.4,345.1,371.32,STABLE
MED-043,PHARM-013,10.76,83.22,335.55,398.49,VOLATILE
MED-044,PHARM-013,19.92,131.43,542.22,490.3,DECREASING
MED-045,PHARM-013,8.02,50.22,232.84,287.53,INCREASING
MED-046,PHARM-013,2.04,14.28,53.68,49.3,STABLE
MED-047,PHARM-013,8.12,62.77,266.0,284.2,DECREASING
MED-048,PHARM-013,9.21,57.51,248.05,257.93,DECREASING
MED-049,PHARM-013,8.96,62.41,257.41,213.98,VOLATILE
MED-050,PHARM-013,3.17,20.62,87.51,96.36,INCREASING
MED-051,PHARM-013,11.54,87.53,372.62,304.04,INCREASING
MED-052,PHARM-013,1.69,13.49,52.73,45.56,INCREASING
MED-053,PHARM-013,15.73,111.66,460.26,437.89,STABLE
MED-054,PHARM-013,6.44,43.41,216.8,218.93,INCREASING
MED-055,PHARM-013,9.9,66.08,323.08,398.13,STABLE
MED-056,PHARM-013,14.04,91.18,393.03,326.54,INCREASING
MED-057,PHARM-013,7.65,50.2,223.18,242.58,STABLE
MED-058,PHARM-013,17.54,120.68,508.33,429.71,DECREASING
MED-059,PHARM-013,13.54,96.5,418.16,403.26,INCREASING
MED-060,PHARM-013,3.95,28.06,110.47,116.19,STABLE
MED-001,PHARM-014,10.74,67.22,289.95,363.44,VOLATILE
MED-002,PHARM-014,16.19,114.77,438.94,477.49,INCREASING
MED-003,PHARM-014,23.84,157.42,730.44,722.09,DECREASING
MED-004,PHARM-014,6.75,50.37,206.58,230.92,INCREASING
MED-005,PHARM-014,16.71,117.22,467.99,502.73,DECREASING
MED-006,PHARM-014,16.12,103.11,471.82,402.41,STABLE
MED-007,PHARM-014,7.45,55.9,223.69,216.51,INCREASING
MED-008,PHARM-014,16.32,106.87,528.93,550.05,STABLE
MED-009,PHARM-014,1.57,11.52,52.78,54.02,STABLE
MED-010,PHARM-014,10.82,81.99,339.13,343.62,INCREASING
MED-011,PHARM-014,22.25,161.91,658.02,773.42,DECREASING
MED-012,PHARM-014,20.37,139.2,621.98,682.04,STABLE
MED-013,PHARM-014,5.39,34.95,174.6,217.56,STABLE
MED-014,PHARM-014,9.23,69.48,271.84,238.03,STABLE
MED-015,PHARM-014,15.72,101.63,425.12,451.4,INCREASING
MED-016,PHARM-014,5.2,32.1,152.54,160.35,INCREASING
MED-017,PHARM-014,21.81,150.34,636.72,579.56,DECREASING
MED-018,PHARM-014,19.61,134.89,621.69,617.33,INCREASING
MED-019,PHARM-014,15.3,106.75,503.85,519.5,DECREASING
MED-020,PHARM-014,19.19,143.87,594.04,652.92,DECREASING
MED-021,PHARM-014,20.23,154.33,558.38,560.24,INCREASING
MED-022,PHARM-014,20.62,147.63,641.43,526.5,DECREASING
MED-023,PHARM-014,24.22,152.77,667.18,572.53,DECREASING
MED-024,PHARM-014,4.94,32.94,144.37,150.67,DECREASING
MED-025,PHARM-014,23.48,161.09,726.4,664.36,STABLE
MED-026,PHARM-014,23.81,177.34,734.34,716.41,INCREASING
MED-027,PHARM-014,21.71,165.06,653.66,573.85,INCREASING
MED-028,PHARM-014,7.57,55.76,217.54,237.77,DECREASING
MED-029,PHARM-014,1.5,9.79,43.64,48.08,VOLATILE
MED-030,PHARM-014,15.89,111.62,499.29,413.14,STABLE
MED-031,PHARM-014,15.09,110.41,458.05,473.24,INCREASING
MED-032,PHARM-014,24.19,161.76,741.14,650.58,DECREASING
MED-033,PHARM-014,15.65,104.32,460.78,388.25,STABLE
MED-034,PHARM-014,14.07,95.34,389.77,391.84,INCREASING
MED-035,PHARM-014,22.27,165.65,678.11,730.78,DECREASING
MED-036,PHARM-014,6.98,52.82,225.57,287.99,VOLATILE
MED-037,PHARM-014,8.34,65.32,277.37,274.37,INCREASING
MED-038,PHARM-014,1.28,9.32,44.09,48.77,DECREASING
MED-039,PHARM-014,20.6,141.67,599.84,608.39,INCREASING
MED-040,PHARM-014,8.46,54.4,262.62,296.35,STABLE
MED-041,PHARM-014,6.88,43.51,194.88,161.97,INCREASING
MED-042,PHARM-014,2.6,19.54,88.07,71.7,DECREASING
MED-043,PHARM-014,3.2,20.67,89.24,74.74,DECREASING
MED-044,PHARM-014,21.4,145.49,677.82,574.76,STABLE
MED-045,PHARM-014,8.27,60.73,256.57,297.25,STABLE
MED-046,PHARM-014,10.25,68.98,290.47,359.86,INCREASING
MED-047,PHARM-014,6.14,49.23,207.19,179.87,DECREASING
MED-048,PHARM-014,9.13,56.78,276.01,263.29,STABLE
MED-049,PHARM-014,6.28,42.56,198.93,160.11,STABLE
MED-050,PHARM-014,8.53,58.99,270.43,191.22,DECREASING
MED-051,PHARM-014,11.35,73.11,331.08,379.0,INCREASING
MED-052,PHARM-014,6.81,43.91,202.54,216.28,INCREASING
MED-053,PHARM-014,7.05,48.6,208.08,229.07,INCREASING
MED-054,PHARM-014,10.32,67.46,279.87,217.93,DECREASING
MED-055,PHARM-014,9.86,73.59,322.78,333.5,VOLATILE
MED-056,PHARM-014,7.31,54.24,229.76,227.28,STABLE
MED-057,PHARM-014,6.89,48.23,227.19,258.94,INCREASING
MED-058,PHARM-014,20.28,136.28,615.96,632.67,DECREASING
MED-059,PHARM-014,5.18,33.82,146.56,132.16,STABLE
MED-060,PHARM-014,12.9,87.31,376.24,385.32,INCREASING
MED-001,PHARM-015,4.46,30.39,127.82,141.59,DECREASING
MED-002,PHARM-015,15.69,113.12,474.32,565.27,INCREASING
MED-003,PHARM-015,10.81,78.29,323.49,354.1,STABLE
MED-004,PHARM-015,11.38,76.26,350.39,300.61,INCREASING
MED-005,PHARM-015,17.09,129.88,504.68,527.35,DECREASING
MED-006,PHARM-015,21.68,138.75,606.43,540.5,INCREASING
MED-007,PHARM-015,17.37,126.71,532.08,509.83,DECREASING
MED-008,PHARM-015,20.18,153.66,635.42,640.74,DECREASING
MED-009,PHARM-015,5.26,33.33,135.22,153.7,INCREASING
MED-010,PHARM-015,11.32,84.01,296.82,237.5,STABLE
MED-011,PHARM-015,5.1,38.82,152.18,125.02,DECREASING
MED-012,PHARM-015,14.53,111.8,401.37,420.33,STABLE
MED-013,PHARM-015,8.03,62.71,227.12,192.7,INCREASING
MED-014,PHARM-015,12.75,82.58,384.55,333.88,STABLE
MED-015,PHARM-015,17.6,132.08,509.54,504.68,INCREASING
MED-016,PHARM-015,6.81,42.45,231.79,237.25,VOLATILE
MED-017,PHARM-015,16.88,121.37,512.88,517.69,INCREASING
MED-018,PHARM-015,23.0,160.41,652.34,545.24,INCREASING
MED-019,PHARM-015,11.05,73.63,318.48,254.8,INCREASING
MED-020,PHARM-015,10.57,73.53,285.92,334.19,DECREASING
MED-021,PHARM-015,9.59,70.7,304.84,316.67,STABLE
MED-022,PHARM-015,15.06,98.85,486.33,474.1,INCREASING
MED-023,PHARM-015,6.59,48.32,193.34,183.93,INCREASING
MED-024,PHARM-015,4.74,34.01,142.67,159.79,INCREASING
MED-025,PHARM-015,9.26,67.97,294.96,284.68,STABLE
MED-026,PHARM-015,7.01,47.01,216.06,226.23,INCREASING
MED-027,PHARM-015,18.41,128.66,532.49,458.4,STABLE
MED-028,PHARM-015,2.64,16.28,73.72,83.24,STABLE
MED-029,PHARM-015,3.18,19.93,95.22,86.19,INCREASING
MED-030,PHARM-015,20.29,141.98,593.04,639.76,STABLE
MED-031,PHARM-015,10.27,76.83,335.93,276.27,DECREASING
MED-032,PHARM-015,4.57,31.8,128.66,146.24,DECREASING
MED-033,PHARM-015,21.22,137.31,670.74,603.39,DECREASING
MED-034,PHARM-015,8.44,64.92,237.97,260.37,STABLE
MED-035,PHARM-015,14.47,111.06,431.74,463.07,INCREASING
MED-036,PHARM-015,11.27,70.81,361.25,414.29,STABLE
MED-037,PHARM-015,3.41,24.86,93.05,114.69,DECREASING
MED-038,PHARM-015,11.69,75.35,343.77,243.75,INCREASING
MED-039,PHARM-015,15.86,108.71,451.35,535.99,DECREASING
MED-040,PHARM-015,18.14,118.22,573.67,516.01,DECREASING
MED-041,PHARM-015,1.55,11.24,52.51,68.17,STABLE
MED-042,PHARM-015,1.19,8.69,37.86,44.48,DECREASING
MED-043,PHARM-015,6.11,40.42,186.51,202.7,INCREASING
MED-044,PHARM-015,20.72,143.26,583.43,627.6,INCREASING
MED-045,PHARM-015,8.83,57.19,228.3,256.6,INCREASING
MED-046,PHARM-015,6.74,47.04,206.25,211.65,INCREASING
MED-047,PHARM-015,8.92,58.23,294.2,367.36,DECREASING
MED-048,PHARM-015,1.29,8.1,36.33,31.17,INCREASING
MED-049,PHARM-015,5.72,43.35,171.91,196.01,STABLE
MED-050,PHARM-015,7.63,51.23,237.15,211.64,STABLE
MED-051,PHARM-015,17.48,123.31,512.6,517.54,DECREASING
MED-052,PHARM-015,9.31,58.41,261.13,247.0,INCREASING
MED-053,PHARM-015,5.43,38.19,148.78,168.73,INCREASING
MED-054,PHARM-015,2.55,15.34,67.48,54.99,STABLE
MED-055,PHARM-015,7.07,54.48,222.15,225.59,INCREASING
MED-056,PHARM-015,4.08,26.96,127.73,102.85,INCREASING
MED-057,PHARM-015,17.43,132.46,557.63,550.51,STABLE
MED-058,PHARM-015,10.94,80.31,353.83,399.41,STABLE
MED-059,PHARM-015,21.12,140.92,575.39,476.51,INCREASING
MED-060,PHARM-015,4.71,31.1,141.85,119.22,INCREASING
MED-001,PHARM-016,6.61,41.96,199.86,169.73,DECREASING
MED-002,PHARM-016,15.29,108.27,481.28,532.54,INCREASING
MED-003,PHARM-016,17.84,129.94,527.39,443.87,INCREASING
MED-004,PHARM-016,15.1,105.8,467.27,473.61,DECREASING
MED-005,PHARM-016,23.54,178.04,713.27,855.03,INCREASING
MED-006,PHARM-016,12.07,86.74,385.72,358.48,INCREASING
MED-007,PHARM-016,15.39,101.57,486.24,569.12,INCREASING
MED-008,PHARM-016,10.92,75.71,357.73,286.21,STABLE
MED-009,PHARM-016,11.8,84.97,355.87,461.22,INCREASING
MED-010,PHARM-016,0.58,4.65,15.91,14.14,INCREASING
MED-011,PHARM-016,23.22,162.91,706.45,726.69,STABLE
MED-012,PHARM-016,3.83,26.04,106.59,100.92,INCREASING
MED-013,PHARM-016,3.18,24.34,83.72,78.69,DECREASING
MED-014,PHARM-016,19.15,140.04,608.15,528.58,STABLE
MED-015,PHARM-016,16.1,108.2,505.29,520.71,STABLE
MED-016,PHARM-016,9.47,74.68,269.99,331.51,VOLATILE
MED-017,PHARM-016,12.16,91.38,391.78,348.95,STABLE
MED-018,PHARM-016,16.95,121.79,463.15,467.67,INCREASING
MED-019,PHARM-016,14.88,96.86,446.61,396.73,STABLE
MED-020,PHARM-016,17.82,137.15,584.96,644.12,STABLE
MED-021,PHARM-016,7.89,52.91,231.7,197.61,STABLE
MED-022,PHARM-016,13.47,98.92,407.99,369.24,DECREASING
MED-023,PHARM-016,14.04,103.66,390.06,333.09,INCREASING
MED-024,PHARM-016,13.73,99.04,386.86,404.81,INCREASING
MED-025,PHARM-016,8.33,55.58,246.4,264.61,STABLE
MED-026,PHARM-016,5.48,37.7,159.97,140.17,INCREASING
MED-027,PHARM-016,16.07,101.79,463.28,553.65,DECREASING
MED-028,PHARM-016,7.67,52.73,259.38,217.9,INCREASING
MED-029,PHARM-016,2.29,17.13,60.16,68.81,DECREASING
MED-030,PHARM-016,23.88,181.43,769.23,867.73,STABLE
MED-031,PHARM-016,10.55,78.34,304.16,300.65,INCREASING
MED-032,PHARM-016,7.6,53.6,214.49,216.49,INCREASING
MED-033,PHARM-016,15.07,108.09,496.61,535.36,STABLE
MED-034,PHARM-016,11.29,85.45,340.52,307.21,STABLE
MED-035,PHARM-016,9.25,68.49,284.05,233.27,STABLE
MED-036,PHARM-016,1.27,9.32,39.96,49.86,INCREASING
MED-037,PHARM-016,10.44,62.54,347.72,378.89,DECREASING
MED-038,PHARM-016,11.77,82.6,375.31,466.26,VOLATILE
MED-039,PHARM-016,22.07,155.47,620.58,620.74,DECREASING
MED-040,PHARM-016,15.34,111.94,417.84,488.42,INCREASING
MED-041,PHARM-016,4.34,29.41,116.8,106.06,INCREASING
MED-042,PHARM-016,4.59,30.22,158.19,203.61,INCREASING
MED-043,PHARM-016,9.84,71.48,328.74,405.74,STABLE
MED-044,PHARM-016,23.77,181.34,673.96,631.31,DECREASING
MED-045,PHARM-016,8.05,49.38,232.97,297.35,DECREASING
MED-046,PHARM-016,5.3,37.91,155.49,137.99,INCREASING
MED-047,PHARM-016,5.67,35.31,177.88,186.53,DECREASING
MED-048,PHARM-016,10.42,68.76,331.84,336.58,DECREASING
MED-049,PHARM-016,5.45,42.83,176.75,193.32,DECREASING
MED-050,PHARM-016,4.15,29.55,141.26,108.92,INCREASING
MED-051,PHARM-016,21.47,139.64,583.49,541.17,DECREASING
MED-052,PHARM-016,11.55,76.08,372.03,443.84,INCREASING
MED-053,PHARM-016,6.34,41.61,176.18,142.79,INCREASING
MED-054,PHARM-016,7.46,53.98,230.27,193.09,STABLE
MED-055,PHARM-016,4.63,34.24,137.93,138.12,VOLATILE
MED-056,PHARM-016,18.66,127.33,599.22,597.17,INCREASING
MED-057,PHARM-016,6.6,43.67,194.38,230.83,INCREASING
MED-058,PHARM-016,23.9,158.02,741.57,653.42,INCREASING
MED-059,PHARM-016,4.45,33.81,146.47,167.98,DECREASING
MED-060,PHARM-016,18.13,136.22,586.06,569.08,STABLE
MED-001,PHARM-017,7.49,57.53,239.54,224.33,STABLE
MED-002,PHARM-017,14.45,100.17,461.85,377.32,INCREASING
MED-003,PHARM-017,14.41,98.76,452.63,463.08,STABLE
MED-004,PHARM-017,7.18,49.65,231.96,257.35,INCREASING
MED-005,PHARM-017,13.15,90.62,403.43,331.55,INCREASING
MED-006,PHARM-017,13.2,95.1,363.56,363.66,INCREASING
MED-007,PHARM-017,20.13,153.25,627.59,536.04,DECREASING
MED-008,PHARM-017,10.12,64.11,300.79,348.51,INCREASING
MED-009,PHARM-017,10.65,65.38,302.64,329.62,DECREASING
MED-010,PHARM-017,8.76,54.39,232.38,225.32,INCREASING
MED-011,PHARM-017,4.88,35.58,153.04,182.13,INCREASING
MED-012,PHARM-017,11.33,77.42,358.14,417.2,INCREASING
MED-013,PHARM-017,2.36,14.76,76.52,55.92,INCREASING
MED-014,PHARM-017,9.81,72.36,291.14,305.87,STABLE
MED-015,PHARM-017,22.77,174.07,615.27,680.59,STABLE
MED-016,PHARM-017,5.77,44.7,175.36,123.36,VOLATILE
MED-017,PHARM-017,8.23,58.63,245.7,236.87,STABLE
MED-018,PHARM-017,16.23,102.4,524.12,477.6,INCREASING
MED-019,PHARM-017,4.08,26.55,126.15,102.77,STABLE
MED-020,PHARM-017,17.67,132.05,508.73,594.27,STABLE
MED-021,PHARM-017,5.4,41.53,151.03,138.0,INCREASING
MED-022,PHARM-017,24.26,178.29,707.45,576.1,INCREASING
MED-023,PHARM-017,10.1,76.32,322.41,355.74,STABLE
MED-024,PHARM-017,9.44,61.25,294.22,267.67,DECREASING
MED-025,PHARM-017,14.54,105.77,445.98,376.28,STABLE
MED-026,PHARM-017,13.64,99.08,444.71,531.21,INCREASING
MED-027,PHARM-017,12.4,92.84,354.12,364.76,INCREASING
MED-028,PHARM-017,11.16,80.8,334.44,380.43,VOLATILE
MED-029,PHARM-017,6.16,38.98,190.87,214.76,DECREASING
MED-030,PHARM-017,3.03,19.19,93.18,78.94,INCREASING
MED-031,PHARM-017,20.59,158.51,607.08,566.72,INCREASING
MED-032,PHARM-017,3.25,21.39,93.24,104.06,INCREASING
MED-033,PHARM-017,9.61,67.94,303.7,256.79,INCREASING
MED-034,PHARM-017,10.51,76.87,322.61,261.85,INCREASING
MED-035,PHARM-017,7.27,54.29,236.52,234.54,DECREASING
MED-036,PHARM-017,9.67,70.65,288.49,310.51,INCREASING
MED-037,PHARM-017,5.82,44.58,197.01,144.53,INCREASING
MED-038,PHARM-017,7.0,51.62,213.48,151.83,INCREASING
MED-039,PHARM-017,20.59,155.32,599.61,712.24,INCREASING
MED-040,PHARM-017,21.5,145.66,628.91,637.53,INCREASING
MED-041,PHARM-017,7.07,47.85,218.16,265.88,INCREASING
MED-042,PHARM-017,8.61,56.92,222.01,210.54,VOLATILE
MED-043,PHARM-017,10.59,71.27,349.1,307.76,INCREASING
MED-044,PHARM-017,6.85,46.74,186.49,164.27,STABLE
MED-045,PHARM-017,5.6,33.61,167.13,167.14,DECREASING
MED-046,PHARM-017,4.41,30.72,147.14,130.4,INCREASING
MED-047,PHARM-017,2.15,16.73,70.73,89.32,DECREASING
MED-048,PHARM-017,2.86,17.24,82.91,101.06,STABLE
MED-049,PHARM-017,0.55,4.35,17.43,18.42,STABLE
MED-050,PHARM-017,4.33,33.85,114.43,132.71,INCREASING
MED-051,PHARM-017,3.49,25.69,107.61,95.12,INCREASING
MED-052,PHARM-017,2.71,17.7,76.89,74.17,STABLE
MED-053,PHARM-017,9.0,58.68,249.18,294.86,STABLE
MED-054,PHARM-017,2.88,19.25,81.7,64.13,INCREASING
MED-055,PHARM-017,7.1,44.8,200.95,248.24,VOLATILE
MED-056,PHARM-017,4.12,26.12,133.57,109.55,DECREASING
MED-057,PHARM-017,4.18,28.83,117.35,121.86,DECREASING
MED-058,PHARM-017,16.56,111.57,528.34,573.33,STABLE
MED-059,PHARM-017,24.42,179.68,727.57,620.41,DECREASING
MED-060,PHARM-017,5.14,34.62,158.65,175.56,DECREASING
MED-001,PHARM-018,0.0,0.0,0.0,0.0,ZERO
MED-002,PHARM-018,0.0,0.0,0.0,0.0,ZERO
MED-003,PHARM-018,0.0,0.0,0.0,0.0,ZERO
MED-004,PHARM-018,0.0,0.0,0.0,0.0,ZERO
MED-005,PHARM-018,0.0,0.0,0.0,0.0,ZERO
MED-006,PHARM-018,0.0,0.0,0.0,0.0,ZERO
MED-007,PHARM-018,0.0,0.0,0.0,0.0,ZERO
MED-008,PHARM-018,0.0,0.0,0.0,0.0,ZERO
MED-009,PHARM-018,0.0,0.0,0.0,0.0,ZERO
MED-010,PHARM-018,0.0,0.0,0.0,0.0,ZERO
MED-011,PHARM-018,0.0,0.0,0.0,0.0,ZERO
MED-012,PHARM-018,0.0,0.0,0.0,0.0,ZERO
MED-013,PHARM-018,0.0,0.0,0.0,0.0,ZERO
MED-014,PHARM-018,0.0,0.0,0.0,0.0,ZERO
MED-015,PHARM-018,0.0,0.0,0.0,0.0,ZERO
MED-016,PHARM-018,0.0,0.0,0.0,0.0,ZERO
MED-017,PHARM-018,0.0,0.0,0.0,0.0,ZERO
MED-018,PHARM-018,0.0,0.0,0.0,0.0,ZERO
MED-019,PHARM-018,0.0,0.0,0.0,0.0,ZERO
MED-020,PHARM-018,0.0,0.0,0.0,0.0,ZERO
MED-021,PHARM-018,0.0,0.0,0.0,0.0,ZERO
MED-022,PHARM-018,0.0,0.0,0.0,0.0,ZERO
MED-023,PHARM-018,0.0,0.0,0.0,0.0,ZERO
MED-024,PHARM-018,0.0,0.0,0.0,0.0,ZERO
MED-025,PHARM-018,0.0,0.0,0.0,0.0,ZERO
MED-026,PHARM-018,0.0,0.0,0.0,0.0,ZERO
MED-027,PHARM-018,0.0,0.0,0.0,0.0,ZERO
MED-028,PHARM-018,0.0,0.0,0.0,0.0,ZERO
MED-029,PHARM-018,0.0,0.0,0.0,0.0,ZERO
MED-030,PHARM-018,0.0,0.0,0.0,0.0,ZERO
MED-031,PHARM-018,0.0,0.0,0.0,0.0,ZERO
MED-032,PHARM-018,0.0,0.0,0.0,0.0,ZERO
MED-033,PHARM-018,0.0,0.0,0.0,0.0,ZERO
MED-034,PHARM-018,0.0,0.0,0.0,0.0,ZERO
MED-035,PHARM-018,0.0,0.0,0.0,0.0,ZERO
MED-036,PHARM-018,0.0,0.0,0.0,0.0,ZERO
MED-037,PHARM-018,0.0,0.0,0.0,0.0,ZERO
MED-038,PHARM-018,0.0,0.0,0.0,0.0,ZERO
MED-039,PHARM-018,0.0,0.0,0.0,0.0,ZERO
MED-040,PHARM-018,0.0,0.0,0.0,0.0,ZERO
MED-041,PHARM-018,0.0,0.0,0.0,0.0,ZERO
MED-042,PHARM-018,0.0,0.0,0.0,0.0,ZERO
MED-043,PHARM-018,0.0,0.0,0.0,0.0,ZERO
MED-044,PHARM-018,0.0,0.0,0.0,0.0,ZERO
MED-045,PHARM-018,0.0,0.0,0.0,0.0,ZERO
MED-046,PHARM-018,0.0,0.0,0.0,0.0,ZERO
MED-047,PHARM-018,0.0,0.0,0.0,0.0,ZERO
MED-048,PHARM-018,0.0,0.0,0.0,0.0,ZERO
MED-049,PHARM-018,0.0,0.0,0.0,0.0,ZERO
MED-050,PHARM-018,0.0,0.0,0.0,0.0,ZERO
MED-051,PHARM-018,0.0,0.0,0.0,0.0,ZERO
MED-052,PHARM-018,0.0,0.0,0.0,0.0,ZERO
MED-053,PHARM-018,0.0,0.0,0.0,0.0,ZERO
MED-054,PHARM-018,0.0,0.0,0.0,0.0,ZERO
MED-055,PHARM-018,0.0,0.0,0.0,0.0,ZERO
MED-056,PHARM-018,0.0,0.0,0.0,0.0,ZERO
MED-057,PHARM-018,0.0,0.0,0.0,0.0,ZERO
MED-058,PHARM-018,0.0,0.0,0.0,0.0,ZERO
MED-059,PHARM-018,0.0,0.0,0.0,0.0,ZERO
MED-060,PHARM-018,0.0,0.0,0.0,0.0,ZERO
